Workbook

Sheet IBM_Telecom_Customer_Churn_Anal
A1: customerID | B1: gender | C1: SeniorCitizen | D1: Partner | E1: Dependents | F1: tenure | G1: PhoneService | H1: MultipleLines | I1: InternetService | J1: OnlineSecurity | K1: OnlineBackup | L1: DeviceProtection | M1: TechSupport | N1: StreamingTV | O1: StreamingMovies | P1: Contract | Q1: PaperlessBilling | R1: PaymentMethod | S1: MonthlyCharges | T1: TotalCharges | U1: Churn | V1: TenureGroup | W1: Monthly Charge Group | X1: Service Count
A2: 7590-VHVEG | B2: Female | C2: 0 | D2: Yes | E2: No | F2: 1 | G2: No | H2: No phone service | I2: DSL | J2: No | K2: Yes | L2: No | M2: No | N2: No | O2: No | P2: Month-to-month | Q2: Yes | R2: Electronic check | S2: 29.85 | T2: 29.85 | U2: No | V2: =IF(F2<=12,"0-12 Months",IF(F2<=24,"13-24 Months",IF(F2<=48,"25-48 Months","49-72 Months"))) -> 0-12 Months | W2: =IF(S2<=30,"0-30",IF(S2<=60,"31-60",IF(S2<=90,"61-90","91+"))) -> 0-30 | X2: =COUNTIF(G2:O2,"Yes") -> 1
A3: 5575-GNVDE | B3: Male | C3: 0 | D3: No | E3: No | F3: 34 | G3: Yes | H3: No | I3: DSL | J3: Yes | K3: No | L3: Yes | M3: No | N3: No | O3: No | P3: One year | Q3: No | R3: Mailed check | S3: 56.95 | T3: 1889.5 | U3: No | V3: =IF(F3<=12,"0-12 Months",IF(F3<=24,"13-24 Months",IF(F3<=48,"25-48 Months","49-72 Months"))) -> 25-48 Months | W3: =IF(S3<=30,"0-30",IF(S3<=60,"31-60",IF(S3<=90,"61-90","91+"))) -> 31-60 | X3: =COUNTIF(G3:O3,"Yes") -> 3
A4: 3668-QPYBK | B4: Male | C4: 0 | D4: No | E4: No | F4: 2 | G4: Yes | H4: No | I4: DSL | J4: Yes | K4: Yes | L4: No | M4: No | N4: No | O4: No | P4: Month-to-month | Q4: Yes | R4: Mailed check | S4: 53.85 | T4: 108.15 | U4: Yes | V4: =IF(F4<=12,"0-12 Months",IF(F4<=24,"13-24 Months",IF(F4<=48,"25-48 Months","49-72 Months"))) -> 0-12 Months | W4: =IF(S4<=30,"0-30",IF(S4<=60,"31-60",IF(S4<=90,"61-90","91+"))) -> 31-60 | X4: =COUNTIF(G4:O4,"Yes") -> 3
A5: 7795-CFOCW | B5: Male | C5: 0 | D5: No | E5: No | F5: 45 | G5: No | H5: No phone service | I5: DSL | J5: Yes | K5: No | L5: Yes | M5: Yes | N5: No | O5: No | P5: One year | Q5: No | R5: Bank transfer (automatic) | S5: 42.3 | T5: 1840.75 | U5: No | V5: =IF(F5<=12,"0-12 Months",IF(F5<=24,"13-24 Months",IF(F5<=48,"25-48 Months","49-72 Months"))) -> 25-48 Months | W5: =IF(S5<=30,"0-30",IF(S5<=60,"31-60",IF(S5<=90,"61-90","91+"))) -> 31-60 | X5: =COUNTIF(G5:O5,"Yes") -> 3
A6: 9237-HQITU | B6: Female | C6: 0 | D6: No | E6: No | F6: 2 | G6: Yes | H6: No | I6: Fiber optic | J6: No | K6: No | L6: No | M6: No | N6: No | O6: No | P6: Month-to-month | Q6: Yes | R6: Electronic check | S6: 70.7 | T6: 151.65 | U6: Yes | V6: =IF(F6<=12,"0-12 Months",IF(F6<=24,"13-24 Months",IF(F6<=48,"25-48 Months","49-72 Months"))) -> 0-12 Months | W6: =IF(S6<=30,"0-30",IF(S6<=60,"31-60",IF(S6<=90,"61-90","91+"))) -> 61-90 | X6: =COUNTIF(G6:O6,"Yes") -> 1
A7: 9305-CDSKC | B7: Female | C7: 0 | D7: No | E7: No | F7: 8 | G7: Yes | H7: Yes | I7: Fiber optic | J7: No | K7: No | L7: Yes | M7: No | N7: Yes | O7: Yes | P7: Month-to-month | Q7: Yes | R7: Electronic check | S7: 99.65 | T7: 820.5 | U7: Yes | V7: =IF(F7<=12,"0-12 Months",IF(F7<=24,"13-24 Months",IF(F7<=48,"25-48 Months","49-72 Months"))) -> 0-12 Months | W7: =IF(S7<=30,"0-30",IF(S7<=60,"31-60",IF(S7<=90,"61-90","91+"))) -> 91+ | X7: =COUNTIF(G7:O7,"Yes") -> 5
A8: 1452-KIOVK | B8: Male | C8: 0 | D8: No | E8: Yes | F8: 22 | G8: Yes | H8: Yes | I8: Fiber optic | J8: No | K8: Yes | L8: No | M8: No | N8: Yes | O8: No | P8: Month-to-month | Q8: Yes | R8: Credit card (automatic) | S8: 89.1 | T8: 1949.4 | U8: No | V8: =IF(F8<=12,"0-12 Months",IF(F8<=24,"13-24 Months",IF(F8<=48,"25-48 Months","49-72 Months"))) -> 13-24 Months | W8: =IF(S8<=30,"0-30",IF(S8<=60,"31-60",IF(S8<=90,"61-90","91+"))) -> 61-90 | X8: =COUNTIF(G8:O8,"Yes") -> 4
A9: 6713-OKOMC | B9: Female | C9: 0 | D9: No | E9: No | F9: 10 | G9: No | H9: No phone service | I9: DSL | J9: Yes | K9: No | L9: No | M9: No | N9: No | O9: No | P9: Month-to-month | Q9: No | R9: Mailed check | S9: 29.75 | T9: 301.9 | U9: No | V9: =IF(F9<=12,"0-12 Months",IF(F9<=24,"13-24 Months",IF(F9<=48,"25-48 Months","49-72 Months"))) -> 0-12 Months | W9: =IF(S9<=30,"0-30",IF(S9<=60,"31-60",IF(S9<=90,"61-90","91+"))) -> 0-30 | X9: =COUNTIF(G9:O9,"Yes") -> 1
A10: 7892-POOKP | B10: Female | C10: 0 | D10: Yes | E10: No | F10: 28 | G10: Yes | H10: Yes | I10: Fiber optic | J10: No | K10: No | L10: Yes | M10: Yes | N10: Yes | O10: Yes | P10: Month-to-month | Q10: Yes | R10: Electronic check | S10: 104.8 | T10: 3046.05 | U10: Yes | V10: =IF(F10<=12,"0-12 Months",IF(F10<=24,"13-24 Months",IF(F10<=48,"25-48 Months","49-72 Months"))) -> 25-48 Months | W10: =IF(S10<=30,"0-30",IF(S10<=60,"31-60",IF(S10<=90,"61-90","91+"))) -> 91+ | X10: =COUNTIF(G10:O10,"Yes") -> 6
A11: 6388-TABGU | B11: Male | C11: 0 | D11: No | E11: Yes | F11: 62 | G11: Yes | H11: No | I11: DSL | J11: Yes | K11: Yes | L11: No | M11: No | N11: No | O11: No | P11: One year | Q11: No | R11: Bank transfer (automatic) | S11: 56.15 | T11: 3487.95 | U11: No | V11: =IF(F11<=12,"0-12 Months",IF(F11<=24,"13-24 Months",IF(F11<=48,"25-48 Months","49-72 Months"))) -> 49-72 Months | W11: =IF(S11<=30,"0-30",IF(S11<=60,"31-60",IF(S11<=90,"61-90","91+"))) -> 31-60 | X11: =COUNTIF(G11:O11,"Yes") -> 3
A12: 9763-GRSKD | B12: Male | C12: 0 | D12: Yes | E12: Yes | F12: 13 | G12: Yes | H12: No | I12: DSL | J12: Yes | K12: No | L12: No | M12: No | N12: No | O12: No | P12: Month-to-month | Q12: Yes | R12: Mailed check | S12: 49.95 | T12: 587.45 | U12: No | V12: =IF(F12<=12,"0-12 Months",IF(F12<=24,"13-24 Months",IF(F12<=48,"25-48 Months","49-72 Months"))) -> 13-24 Months | W12: =IF(S12<=30,"0-30",IF(S12<=60,"31-60",IF(S12<=90,"61-90","91+"))) -> 31-60 | X12: =COUNTIF(G12:O12,"Yes") -> 2
A13: 7469-LKBCI | B13: Male | C13: 0 | D13: No | E13: No | F13: 16 | G13: Yes | H13: No | I13: No | J13: No internet service | K13: No internet service | L13: No internet service | M13: No internet service | N13: No internet service | O13: No internet service | P13: Two year | Q13: No | R13: Credit card (automatic) | S13: 18.95 | T13: 326.8 | U13: No | V13: =IF(F13<=12,"0-12 Months",IF(F13<=24,"13-24 Months",IF(F13<=48,"25-48 Months","49-72 Months"))) -> 13-24 Months | W13: =IF(S13<=30,"0-30",IF(S13<=60,"31-60",IF(S13<=90,"61-90","91+"))) -> 0-30 | X13: =COUNTIF(G13:O13,"Yes") -> 1
... A489: 3649-JPUGY | B489: Male | C489: 0 | D489: No | E489: No | F489: 72 | G489: Yes | H489: Yes | I489: DSL | J489: No | K489: Yes | L489: Yes | M489: Yes | N489: Yes | O489: Yes | P489: Two year | Q489: Yes | R489: Bank transfer (automatic) | S489: 88.6 | T489: 6201.95 | U489: No | V489: =IF(F489<=12,"0-12 Months",IF(F489<=24,"13-24 Months",IF(F489<=48,"25-48 Months","49-72 Months"))) -> 49-72 Months | W489: =IF(S489<=30,"0-30",IF(S489<=60,"31-60",IF(S489<=90,"61-90","91+"))) -> 61-90 | X489: =COUNTIF(G489:O489,"Yes") -> 7
A490: 4472-LVYGI | B490: Female | C490: 0 | D490: Yes | E490: Yes | F490: 0 | G490: No | H490: No phone service | I490: DSL | J490: Yes | K490: No | L490: Yes | M490: Yes | N490: Yes | O490: No | P490: Two year | Q490: Yes | R490: Bank transfer (automatic) | S490: 52.55 | U490: No | V490: =IF(F490<=12,"0-12 Months",IF(F490<=24,"13-24 Months",IF(F490<=48,"25-48 Months","49-72 Months"))) -> 0-12 Months | W490: =IF(S490<=30,"0-30",IF(S490<=60,"31-60",IF(S490<=90,"61-90","91+"))) -> 31-60 | X490: =COUNTIF(G490:O490,"Yes") -> 4
A491: 8372-JUXUI | B491: Male | C491: 0 | D491: No | E491: Yes | F491: 1 | G491: Yes | H491: Yes | I491: Fiber optic | J491: No | K491: No | L491: No | M491: No | N491: No | O491: No | P491: Month-to-month | Q491: Yes | R491: Electronic check | S491: 74.35 | T491: 74.35 | U491: Yes | V491: =IF(F491<=12,"0-12 Months",IF(F491<=24,"13-24 Months",IF(F491<=48,"25-48 Months","49-72 Months"))) -> 0-12 Months | W491: =IF(S491<=30,"0-30",IF(S491<=60,"31-60",IF(S491<=90,"61-90","91+"))) -> 61-90 | X491: =COUNTIF(G491:O491,"Yes") -> 2
A492: 3552-CTCYF | B492: Male | C492: 0 | D492: Yes | E492: Yes | F492: 63 | G492: Yes | H492: Yes | I492: Fiber optic | J492: No | K492: Yes | L492: Yes | M492: No | N492: Yes | O492: Yes | P492: Two year | Q492: Yes | R492: Bank transfer (automatic) | S492: 104.8 | T492: 6597.25 | U492: No | V492: =IF(F492<=12,"0-12 Months",IF(F492<=24,"13-24 Months",IF(F492<=48,"25-48 Months","49-72 Months"))) -> 49-72 Months | W492: =IF(S492<=30,"0-30",IF(S492<=60,"31-60",IF(S492<=90,"61-90","91+"))) -> 91+ | X492: =COUNTIF(G492:O492,"Yes") -> 6
A493: 6778-YSNIH | B493: Female | C493: 0 | D493: No | E493: No | F493: 2 | G493: Yes | H493: No | I493: DSL | J493: No | K493: Yes | L493: No | M493: No | N493: Yes | O493: No | P493: Month-to-month | Q493: Yes | R493: Electronic check | S493: 59 | T493: 114.15 | U493: No | V493: =IF(F493<=12,"0-12 Months",IF(F493<=24,"13-24 Months",IF(F493<=48,"25-48 Months","49-72 Months"))) -> 0-12 Months | W493: =IF(S493<=30,"0-30",IF(S493<=60,"31-60",IF(S493<=90,"61-90","91+"))) -> 31-60 | X493: =COUNTIF(G493:O493,"Yes") -> 3
A494: 0388-EOPEX | B494: Female | C494: 0 | D494: Yes | E494: No | F494: 2 | G494: Yes | H494: No | I494: Fiber optic | J494: Yes | K494: No | L494: No | M494: No | N494: No | O494: No | P494: Month-to-month | Q494: Yes | R494: Electronic check | S494: 74.4 | T494: 139.4 | U494: Yes | V494: =IF(F494<=12,"0-12 Months",IF(F494<=24,"13-24 Months",IF(F494<=48,"25-48 Months","49-72 Months"))) -> 0-12 Months | W494: =IF(S494<=30,"0-30",IF(S494<=60,"31-60",IF(S494<=90,"61-90","91+"))) -> 61-90 | X494: =COUNTIF(G494:O494,"Yes") -> 2
A495: 5756-OZRIO | B495: Male | C495: 1 | D495: Yes | E495: No | F495: 61 | G495: Yes | H495: Yes | I495: DSL | J495: No | K495: Yes | L495: No | M495: No | N495: No | O495: Yes | P495: One year | Q495: No | R495: Bank transfer (automatic) | S495: 64.05 | T495: 3902.6 | U495: No | V495: =IF(F495<=12,"0-12 Months",IF(F495<=24,"13-24 Months",IF(F495<=48,"25-48 Months","49-72 Months"))) -> 49-72 Months | W495: =IF(S495<=30,"0-30",IF(S495<=60,"31-60",IF(S495<=90,"61-90","91+"))) -> 61-90 | X495: =COUNTIF(G495:O495,"Yes") -> 4
A496: 6579-JPICP | B496: Male | C496: 0 | D496: No | E496: No | F496: 1 | G496: Yes | H496: No | I496: No | J496: No internet service | K496: No internet service | L496: No internet service | M496: No internet service | N496: No internet service | O496: No internet service | P496: Month-to-month | Q496: No | R496: Mailed check | S496: 20.4 | T496: 20.4 | U496: No | V496: =IF(F496<=12,"0-12 Months",IF(F496<=24,"13-24 Months",IF(F496<=48,"25-48 Months","49-72 Months"))) -> 0-12 Months | W496: =IF(S496<=30,"0-30",IF(S496<=60,"31-60",IF(S496<=90,"61-90","91+"))) -> 0-30 | X496: =COUNTIF(G496:O496,"Yes") -> 1
A497: 8205-OTCHB | B497: Male | C497: 0 | D497: No | E497: No | F497: 22 | G497: No | H497: No phone service | I497: DSL | J497: No | K497: Yes | L497: Yes | M497: No | N497: No | O497: Yes | P497: One year | Q497: Yes | R497: Bank transfer (automatic) | S497: 43.75 | T497: 903.6 | U497: Yes | V497: =IF(F497<=12,"0-12 Months",IF(F497<=24,"13-24 Months",IF(F497<=48,"25-48 Months","49-72 Months"))) -> 13-24 Months | W497: =IF(S497<=30,"0-30",IF(S497<=60,"31-60",IF(S497<=90,"61-90","91+"))) -> 31-60 | X497: =COUNTIF(G497:O497,"Yes") -> 3
A498: 4134-BSXLX | B498: Male | C498: 0 | D498: Yes | E498: No | F498: 28 | G498: Yes | H498: No | I498: DSL | J498: Yes | K498: Yes | L498: No | M498: Yes | N498: No | O498: No | P498: Month-to-month | Q498: No | R498: Mailed check | S498: 60.9 | T498: 1785.65 | U498: No | V498: =IF(F498<=12,"0-12 Months",IF(F498<=24,"13-24 Months",IF(F498<=48,"25-48 Months","49-72 Months"))) -> 25-48 Months | W498: =IF(S498<=30,"0-30",IF(S498<=60,"31-60",IF(S498<=90,"61-90","91+"))) -> 61-90 | X498: =COUNTIF(G498:O498,"Yes") -> 4
A499: 0505-SPOOW | B499: Female | C499: 0 | D499: Yes | E499: No | F499: 70 | G499: Yes | H499: No | I499: No | J499: No internet service | K499: No internet service | L499: No internet service | M499: No internet service | N499: No internet service | O499: No internet service | P499: Two year | Q499: No | R499: Bank transfer (automatic) | S499: 19.8 | T499: 1397.65 | U499: No | V499: =IF(F499<=12,"0-12 Months",IF(F499<=24,"13-24 Months",IF(F499<=48,"25-48 Months","49-72 Months"))) -> 49-72 Months | W499: =IF(S499<=30,"0-30",IF(S499<=60,"31-60",IF(S499<=90,"61-90","91+"))) -> 0-30 | X499: =COUNTIF(G499:O499,"Yes") -> 1
A500: 6235-VDHOM | B500: Female | C500: 1 | D500: No | E500: No | F500: 5 | G500: No | H500: No phone service | I500: DSL | J500: No | K500: Yes | L500: No | M500: No | N500: No | O500: No | P500: Month-to-month | Q500: No | R500: Electronic check | S500: 28.45 | T500: 131.05 | U500: Yes | V500: =IF(F500<=12,"0-12 Months",IF(F500<=24,"13-24 Months",IF(F500<=48,"25-48 Months","49-72 Months"))) -> 0-12 Months | W500: =IF(S500<=30,"0-30",IF(S500<=60,"31-60",IF(S500<=90,"61-90","91+"))) -> 0-30 | X500: =COUNTIF(G500:O500,"Yes") -> 1
A501: 7783-YKGDV | B501: Female | C501: 0 | D501: No | E501: No | F501: 12 | G501: Yes | H501: Yes | I501: Fiber optic | J501: Yes | K501: Yes | L501: Yes | M501: No | N501: No | O501: Yes | P501: Month-to-month | Q501: Yes | R501: Bank transfer (automatic) | S501: 99.7 | T501: 1238.45 | U501: Yes | V501: =IF(F501<=12,"0-12 Months",IF(F501<=24,"13-24 Months",IF(F501<=48,"25-48 Months","49-72 Months"))) -> 0-12 Months | W501: =IF(S501<=30,"0-30",IF(S501<=60,"31-60",IF(S501<=90,"61-90","91+"))) -> 91+ | X501: =COUNTIF(G501:O501,"Yes") -> 6
A502: 4374-YMUSQ | B502: Male | C502: 0 | D502: No | E502: No | F502: 34 | G502: Yes | H502: Yes | I502: Fiber optic | J502: Yes | K502: Yes | L502: Yes | M502: Yes | N502: Yes | O502: Yes | P502: One year | Q502: No | R502: Credit card (automatic) | S502: 116.25 | T502: 3899.05 | U502: No | V502: =IF(F502<=12,"0-12 Months",IF(F502<=24,"13-24 Months",IF(F502<=48,"25-48 Months","49-72 Months"))) -> 25-48 Months | W502: =IF(S502<=30,"0-30",IF(S502<=60,"31-60",IF(S502<=90,"61-90","91+"))) -> 91+ | X502: =COUNTIF(G502:O502,"Yes") -> 8
... A754: 1410-RSCMR | B754: Male | C754: 0 | D754: Yes | E754: Yes | F754: 7 | G754: Yes | H754: No | I754: DSL | J754: Yes | K754: No | L754: Yes | M754: Yes | N754: No | O754: Yes | P754: Month-to-month | Q754: Yes | R754: Credit card (automatic) | S754: 71.35 | T754: 515.75 | U754: No | V754: =IF(F754<=12,"0-12 Months",IF(F754<=24,"13-24 Months",IF(F754<=48,"25-48 Months","49-72 Months"))) -> 0-12 Months | W754: =IF(S754<=30,"0-30",IF(S754<=60,"31-60",IF(S754<=90,"61-90","91+"))) -> 61-90 | X754: =COUNTIF(G754:O754,"Yes") -> 5
A755: 3115-CZMZD | B755: Male | C755: 0 | D755: No | E755: Yes | F755: 0 | G755: Yes | H755: No | I755: No | J755: No internet service | K755: No internet service | L755: No internet service | M755: No internet service | N755: No internet service | O755: No internet service | P755: Two year | Q755: No | R755: Mailed check | S755: 20.25 | U755: No | V755: =IF(F755<=12,"0-12 Months",IF(F755<=24,"13-24 Months",IF(F755<=48,"25-48 Months","49-72 Months"))) -> 0-12 Months | W755: =IF(S755<=30,"0-30",IF(S755<=60,"31-60",IF(S755<=90,"61-90","91+"))) -> 0-30 | X755: =COUNTIF(G755:O755,"Yes") -> 1
A756: 0139-IVFJG | B756: Female | C756: 0 | D756: Yes | E756: No | F756: 2 | G756: Yes | H756: No | I756: Fiber optic | J756: Yes | K756: Yes | L756: No | M756: No | N756: Yes | O756: No | P756: Month-to-month | Q756: No | R756: Electronic check | S756: 90.35 | T756: 190.5 | U756: No | V756: =IF(F756<=12,"0-12 Months",IF(F756<=24,"13-24 Months",IF(F756<=48,"25-48 Months","49-72 Months"))) -> 0-12 Months | W756: =IF(S756<=30,"0-30",IF(S756<=60,"31-60",IF(S756<=90,"61-90","91+"))) -> 91+ | X756: =COUNTIF(G756:O756,"Yes") -> 4
A757: 6683-VLCTZ | B757: Male | C757: 1 | D757: No | E757: No | F757: 20 | G757: Yes | H757: Yes | I757: Fiber optic | J757: No | K757: No | L757: Yes | M757: No | N757: Yes | O757: Yes | P757: Month-to-month | Q757: Yes | R757: Electronic check | S757: 98.55 | T757: 1842.8 | U757: Yes | V757: =IF(F757<=12,"0-12 Months",IF(F757<=24,"13-24 Months",IF(F757<=48,"25-48 Months","49-72 Months"))) -> 13-24 Months | W757: =IF(S757<=30,"0-30",IF(S757<=60,"31-60",IF(S757<=90,"61-90","91+"))) -> 91+ | X757: =COUNTIF(G757:O757,"Yes") -> 5
A758: 5730-DBDSI | B758: Male | C758: 0 | D758: No | E758: No | F758: 66 | G758: Yes | H758: No | I758: No | J758: No internet service | K758: No internet service | L758: No internet service | M758: No internet service | N758: No internet service | O758: No internet service | P758: Two year | Q758: No | R758: Bank transfer (automatic) | S758: 19.7 | T758: 1253.8 | U758: No | V758: =IF(F758<=12,"0-12 Months",IF(F758<=24,"13-24 Months",IF(F758<=48,"25-48 Months","49-72 Months"))) -> 49-72 Months | W758: =IF(S758<=30,"0-30",IF(S758<=60,"31-60",IF(S758<=90,"61-90","91+"))) -> 0-30 | X758: =COUNTIF(G758:O758,"Yes") -> 1
A759: 0030-FNXPP | B759: Female | C759: 0 | D759: No | E759: No | F759: 3 | G759: Yes | H759: No | I759: No | J759: No internet service | K759: No internet service | L759: No internet service | M759: No internet service | N759: No internet service | O759: No internet service | P759: Month-to-month | Q759: No | R759: Mailed check | S759: 19.85 | T759: 57.2 | U759: No | V759: =IF(F759<=12,"0-12 Months",IF(F759<=24,"13-24 Months",IF(F759<=48,"25-48 Months","49-72 Months"))) -> 0-12 Months | W759: =IF(S759<=30,"0-30",IF(S759<=60,"31-60",IF(S759<=90,"61-90","91+"))) -> 0-30 | X759: =COUNTIF(G759:O759,"Yes") -> 1
A760: 2189-WWOEW | B760: Female | C760: 0 | D760: No | E760: Yes | F760: 15 | G760: Yes | H760: No | I760: Fiber optic | J760: No | K760: Yes | L760: No | M760: No | N760: No | O760: Yes | P760: Month-to-month | Q760: Yes | R760: Bank transfer (automatic) | S760: 85.9 | T760: 1269.55 | U760: Yes | V760: =IF(F760<=12,"0-12 Months",IF(F760<=24,"13-24 Months",IF(F760<=48,"25-48 Months","49-72 Months"))) -> 13-24 Months | W760: =IF(S760<=30,"0-30",IF(S760<=60,"31-60",IF(S760<=90,"61-90","91+"))) -> 61-90 | X760: =COUNTIF(G760:O760,"Yes") -> 3
A761: 5684-FJVYR | B761: Female | C761: 0 | D761: Yes | E761: Yes | F761: 72 | G761: Yes | H761: Yes | I761: Fiber optic | J761: Yes | K761: Yes | L761: No | M761: Yes | N761: No | O761: No | P761: Two year | Q761: Yes | R761: Bank transfer (automatic) | S761: 90.35 | T761: 6563.4 | U761: No | V761: =IF(F761<=12,"0-12 Months",IF(F761<=24,"13-24 Months",IF(F761<=48,"25-48 Months","49-72 Months"))) -> 49-72 Months | W761: =IF(S761<=30,"0-30",IF(S761<=60,"31-60",IF(S761<=90,"61-90","91+"))) -> 91+ | X761: =COUNTIF(G761:O761,"Yes") -> 5
A762: 4013-GUXND | B762: Male | C762: 0 | D762: No | E762: No | F762: 1 | G762: Yes | H762: No | I762: No | J762: No internet service | K762: No internet service | L762: No internet service | M762: No internet service | N762: No internet service | O762: No internet service | P762: Month-to-month | Q762: No | R762: Mailed check | S762: 20.8 | T762: 20.8 | U762: No | V762: =IF(F762<=12,"0-12 Months",IF(F762<=24,"13-24 Months",IF(F762<=48,"25-48 Months","49-72 Months"))) -> 0-12 Months | W762: =IF(S762<=30,"0-30",IF(S762<=60,"31-60",IF(S762<=90,"61-90","91+"))) -> 0-30 | X762: =COUNTIF(G762:O762,"Yes") -> 1
A763: 1894-IGFSG | B763: Female | C763: 0 | D763: No | E763: No | F763: 22 | G763: Yes | H763: No | I763: Fiber optic | J763: No | K763: No | L763: No | M763: No | N763: Yes | O763: Yes | P763: Month-to-month | Q763: No | R763: Electronic check | S763: 89.25 | T763: 1907.85 | U763: Yes | V763: =IF(F763<=12,"0-12 Months",IF(F763<=24,"13-24 Months",IF(F763<=48,"25-48 Months","49-72 Months"))) -> 13-24 Months | W763: =IF(S763<=30,"0-30",IF(S763<=60,"31-60",IF(S763<=90,"61-90","91+"))) -> 61-90 | X763: =COUNTIF(G763:O763,"Yes") -> 3
A764: 7379-POKDZ | B764: Male | C764: 0 | D764: Yes | E764: No | F764: 3 | G764: Yes | H764: No | I764: Fiber optic | J764: No | K764: No | L764: No | M764: No | N764: No | O764: No | P764: Month-to-month | Q764: Yes | R764: Electronic check | S764: 70.3 | T764: 208.85 | U764: Yes | V764: =IF(F764<=12,"0-12 Months",IF(F764<=24,"13-24 Months",IF(F764<=48,"25-48 Months","49-72 Months"))) -> 0-12 Months | W764: =IF(S764<=30,"0-30",IF(S764<=60,"31-60",IF(S764<=90,"61-90","91+"))) -> 61-90 | X764: =COUNTIF(G764:O764,"Yes") -> 1
A765: 1266-NZYUI | B765: Female | C765: 0 | D765: Yes | E765: Yes | F765: 72 | G765: Yes | H765: Yes | I765: DSL | J765: Yes | K765: No | L765: Yes | M765: Yes | N765: No | O765: No | P765: Two year | Q765: No | R765: Bank transfer (automatic) | S765: 66.85 | T765: 4758.8 | U765: No | V765: =IF(F765<=12,"0-12 Months",IF(F765<=24,"13-24 Months",IF(F765<=48,"25-48 Months","49-72 Months"))) -> 49-72 Months | W765: =IF(S765<=30,"0-30",IF(S765<=60,"31-60",IF(S765<=90,"61-90","91+"))) -> 61-90 | X765: =COUNTIF(G765:O765,"Yes") -> 5
A766: 7969-FFOWG | B766: Male | C766: 0 | D766: Yes | E766: Yes | F766: 65 | G766: Yes | H766: No | I766: No | J766: No internet service | K766: No internet service | L766: No internet service | M766: No internet service | N766: No internet service | O766: No internet service | P766: Two year | Q766: No | R766: Mailed check | S766: 19.9 | T766: 1292.6 | U766: No | V766: =IF(F766<=12,"0-12 Months",IF(F766<=24,"13-24 Months",IF(F766<=48,"25-48 Months","49-72 Months"))) -> 49-72 Months | W766: =IF(S766<=30,"0-30",IF(S766<=60,"31-60",IF(S766<=90,"61-90","91+"))) -> 0-30 | X766: =COUNTIF(G766:O766,"Yes") -> 1
A767: 4718-DHSMV | B767: Female | C767: 0 | D767: No | E767: No | F767: 11 | G767: No | H767: No phone service | I767: DSL | J767: No | K767: No | L767: No | M767: No | N767: Yes | O767: No | P767: Month-to-month | Q767: Yes | R767: Mailed check | S767: 35.8 | T767: 363.15 | U767: No | V767: =IF(F767<=12,"0-12 Months",IF(F767<=24,"13-24 Months",IF(F767<=48,"25-48 Months","49-72 Months"))) -> 0-12 Months | W767: =IF(S767<=30,"0-30",IF(S767<=60,"31-60",IF(S767<=90,"61-90","91+"))) -> 31-60 | X767: =COUNTIF(G767:O767,"Yes") -> 1
... A937: 6630-UJZMY | B937: Female | C937: 1 | D937: Yes | E937: No | F937: 4 | G937: Yes | H937: Yes | I937: Fiber optic | J937: No | K937: No | L937: No | M937: No | N937: Yes | O937: No | P937: Month-to-month | Q937: Yes | R937: Electronic check | S937: 83.25 | T937: 308.05 | U937: No | V937: =IF(F937<=12,"0-12 Months",IF(F937<=24,"13-24 Months",IF(F937<=48,"25-48 Months","49-72 Months"))) -> 0-12 Months | W937: =IF(S937<=30,"0-30",IF(S937<=60,"31-60",IF(S937<=90,"61-90","91+"))) -> 61-90 | X937: =COUNTIF(G937:O937,"Yes") -> 3
A938: 5709-LVOEQ | B938: Female | C938: 0 | D938: Yes | E938: Yes | F938: 0 | G938: Yes | H938: No | I938: DSL | J938: Yes | K938: Yes | L938: Yes | M938: No | N938: Yes | O938: Yes | P938: Two year | Q938: No | R938: Mailed check | S938: 80.85 | U938: No | V938: =IF(F938<=12,"0-12 Months",IF(F938<=24,"13-24 Months",IF(F938<=48,"25-48 Months","49-72 Months"))) -> 0-12 Months | W938: =IF(S938<=30,"0-30",IF(S938<=60,"31-60",IF(S938<=90,"61-90","91+"))) -> 61-90 | X938: =COUNTIF(G938:O938,"Yes") -> 6
A939: 6400-BWQKW | B939: Female | C939: 0 | D939: No | E939: No | F939: 6 | G939: Yes | H939: Yes | I939: Fiber optic | J939: Yes | K939: No | L939: No | M939: No | N939: No | O939: No | P939: Month-to-month | Q939: Yes | R939: Electronic check | S939: 79.05 | T939: 434.5 | U939: Yes | V939: =IF(F939<=12,"0-12 Months",IF(F939<=24,"13-24 Months",IF(F939<=48,"25-48 Months","49-72 Months"))) -> 0-12 Months | W939: =IF(S939<=30,"0-30",IF(S939<=60,"31-60",IF(S939<=90,"61-90","91+"))) -> 61-90 | X939: =COUNTIF(G939:O939,"Yes") -> 3
A940: 2692-AQCPF | B940: Female | C940: 0 | D940: Yes | E940: No | F940: 65 | G940: Yes | H940: Yes | I940: Fiber optic | J940: No | K940: Yes | L940: Yes | M940: Yes | N940: Yes | O940: Yes | P940: One year | Q940: Yes | R940: Credit card (automatic) | S940: 108.05 | T940: 7118.9 | U940: No | V940: =IF(F940<=12,"0-12 Months",IF(F940<=24,"13-24 Months",IF(F940<=48,"25-48 Months","49-72 Months"))) -> 49-72 Months | W940: =IF(S940<=30,"0-30",IF(S940<=60,"31-60",IF(S940<=90,"61-90","91+"))) -> 91+ | X940: =COUNTIF(G940:O940,"Yes") -> 7
A941: 0347-UBKUZ | B941: Female | C941: 0 | D941: No | E941: No | F941: 15 | G941: Yes | H941: No | I941: No | J941: No internet service | K941: No internet service | L941: No internet service | M941: No internet service | N941: No internet service | O941: No internet service | P941: Month-to-month | Q941: No | R941: Mailed check | S941: 19.9 | T941: 320.45 | U941: No | V941: =IF(F941<=12,"0-12 Months",IF(F941<=24,"13-24 Months",IF(F941<=48,"25-48 Months","49-72 Months"))) -> 13-24 Months | W941: =IF(S941<=30,"0-30",IF(S941<=60,"31-60",IF(S941<=90,"61-90","91+"))) -> 0-30 | X941: =COUNTIF(G941:O941,"Yes") -> 1
A942: 0835-DUUIQ | B942: Female | C942: 0 | D942: No | E942: Yes | F942: 24 | G942: Yes | H942: No | I942: No | J942: No internet service | K942: No internet service | L942: No internet service | M942: No internet service | N942: No internet service | O942: No internet service | P942: One year | Q942: No | R942: Bank transfer (automatic) | S942: 21.05 | T942: 531.55 | U942: No | V942: =IF(F942<=12,"0-12 Months",IF(F942<=24,"13-24 Months",IF(F942<=48,"25-48 Months","49-72 Months"))) -> 13-24 Months | W942: =IF(S942<=30,"0-30",IF(S942<=60,"31-60",IF(S942<=90,"61-90","91+"))) -> 0-30 | X942: =COUNTIF(G942:O942,"Yes") -> 1
A943: 0811-GSDTP | B943: Female | C943: 0 | D943: No | E943: Yes | F943: 13 | G943: No | H943: No phone service | I943: DSL | J943: No | K943: Yes | L943: No | M943: No | N943: No | O943: No | P943: Month-to-month | Q943: No | R943: Electronic check | S943: 30.15 | T943: 382.2 | U943: No | V943: =IF(F943<=12,"0-12 Months",IF(F943<=24,"13-24 Months",IF(F943<=48,"25-48 Months","49-72 Months"))) -> 13-24 Months | W943: =IF(S943<=30,"0-30",IF(S943<=60,"31-60",IF(S943<=90,"61-90","91+"))) -> 31-60 | X943: =COUNTIF(G943:O943,"Yes") -> 1
A944: 7567-ECMCM | B944: Male | C944: 0 | D944: No | E944: No | F944: 24 | G944: Yes | H944: No | I944: Fiber optic | J944: No | K944: No | L944: No | M944: No | N944: No | O944: Yes | P944: Month-to-month | Q944: Yes | R944: Credit card (automatic) | S944: 79.85 | T944: 2001 | U944: No | V944: =IF(F944<=12,"0-12 Months",IF(F944<=24,"13-24 Months",IF(F944<=48,"25-48 Months","49-72 Months"))) -> 13-24 Months | W944: =IF(S944<=30,"0-30",IF(S944<=60,"31-60",IF(S944<=90,"61-90","91+"))) -> 61-90 | X944: =COUNTIF(G944:O944,"Yes") -> 2
A945: 6115-ZTBFQ | B945: Female | C945: 0 | D945: Yes | E945: No | F945: 72 | G945: No | H945: No phone service | I945: DSL | J945: Yes | K945: Yes | L945: Yes | M945: Yes | N945: Yes | O945: Yes | P945: Two year | Q945: No | R945: Bank transfer (automatic) | S945: 65.5 | T945: 4919.7 | U945: No | V945: =IF(F945<=12,"0-12 Months",IF(F945<=24,"13-24 Months",IF(F945<=48,"25-48 Months","49-72 Months"))) -> 49-72 Months | W945: =IF(S945<=30,"0-30",IF(S945<=60,"31-60",IF(S945<=90,"61-90","91+"))) -> 61-90 | X945: =COUNTIF(G945:O945,"Yes") -> 6
A946: 6353-BRMMA | B946: Female | C946: 0 | D946: Yes | E946: Yes | F946: 54 | G946: Yes | H946: Yes | I946: Fiber optic | J946: Yes | K946: Yes | L946: No | M946: No | N946: Yes | O946: Yes | P946: Month-to-month | Q946: Yes | R946: Bank transfer (automatic) | S946: 104.1 | T946: 5645.8 | U946: No | V946: =IF(F946<=12,"0-12 Months",IF(F946<=24,"13-24 Months",IF(F946<=48,"25-48 Months","49-72 Months"))) -> 49-72 Months | W946: =IF(S946<=30,"0-30",IF(S946<=60,"31-60",IF(S946<=90,"61-90","91+"))) -> 91+ | X946: =COUNTIF(G946:O946,"Yes") -> 6
A947: 6680-WKXRZ | B947: Female | C947: 0 | D947: No | E947: No | F947: 3 | G947: Yes | H947: Yes | I947: Fiber optic | J947: No | K947: No | L947: No | M947: No | N947: No | O947: No | P947: Month-to-month | Q947: No | R947: Bank transfer (automatic) | S947: 74.4 | T947: 215.8 | U947: Yes | V947: =IF(F947<=12,"0-12 Months",IF(F947<=24,"13-24 Months",IF(F947<=48,"25-48 Months","49-72 Months"))) -> 0-12 Months | W947: =IF(S947<=30,"0-30",IF(S947<=60,"31-60",IF(S947<=90,"61-90","91+"))) -> 61-90 | X947: =COUNTIF(G947:O947,"Yes") -> 2
A948: 6231-WFGFH | B948: Male | C948: 0 | D948: Yes | E948: Yes | F948: 4 | G948: Yes | H948: No | I948: No | J948: No internet service | K948: No internet service | L948: No internet service | M948: No internet service | N948: No internet service | O948: No internet service | P948: Month-to-month | Q948: Yes | R948: Mailed check | S948: 20.5 | T948: 77.6 | U948: No | V948: =IF(F948<=12,"0-12 Months",IF(F948<=24,"13-24 Months",IF(F948<=48,"25-48 Months","49-72 Months"))) -> 0-12 Months | W948: =IF(S948<=30,"0-30",IF(S948<=60,"31-60",IF(S948<=90,"61-90","91+"))) -> 0-30 | X948: =COUNTIF(G948:O948,"Yes") -> 1
A949: 9904-EHEVJ | B949: Female | C949: 1 | D949: Yes | E949: Yes | F949: 32 | G949: Yes | H949: Yes | I949: Fiber optic | J949: No | K949: No | L949: Yes | M949: No | N949: Yes | O949: No | P949: Month-to-month | Q949: Yes | R949: Mailed check | S949: 91.35 | T949: 2896.55 | U949: No | V949: =IF(F949<=12,"0-12 Months",IF(F949<=24,"13-24 Months",IF(F949<=48,"25-48 Months","49-72 Months"))) -> 25-48 Months | W949: =IF(S949<=30,"0-30",IF(S949<=60,"31-60",IF(S949<=90,"61-90","91+"))) -> 91+ | X949: =COUNTIF(G949:O949,"Yes") -> 4
A950: 7028-DVOIQ | B950: Male | C950: 1 | D950: No | E950: No | F950: 35 | G950: Yes | H950: Yes | I950: Fiber optic | J950: No | K950: No | L950: Yes | M950: No | N950: Yes | O950: Yes | P950: Month-to-month | Q950: Yes | R950: Electronic check | S950: 99.05 | T950: 3395.8 | U950: Yes | V950: =IF(F950<=12,"0-12 Months",IF(F950<=24,"13-24 Months",IF(F950<=48,"25-48 Months","49-72 Months"))) -> 25-48 Months | W950: =IF(S950<=30,"0-30",IF(S950<=60,"31-60",IF(S950<=90,"61-90","91+"))) -> 91+ | X950: =COUNTIF(G950:O950,"Yes") -> 5
... A1083: 1751-NCDLI | B1083: Male | C1083: 1 | D1083: Yes | E1083: No | F1083: 46 | G1083: Yes | H1083: Yes | I1083: Fiber optic | J1083: No | K1083: No | L1083: Yes | M1083: No | N1083: Yes | O1083: Yes | P1083: Month-to-month | Q1083: Yes | R1083: Electronic check | S1083: 98.85 | T1083: 4564.9 | U1083: No | V1083: =IF(F1083<=12,"0-12 Months",IF(F1083<=24,"13-24 Months",IF(F1083<=48,"25-48 Months","49-72 Months"))) -> 25-48 Months | W1083: =IF(S1083<=30,"0-30",IF(S1083<=60,"31-60",IF(S1083<=90,"61-90","91+"))) -> 91+ | X1083: =COUNTIF(G1083:O1083,"Yes") -> 5
A1084: 4367-NUYAO | B1084: Male | C1084: 0 | D1084: Yes | E1084: Yes | F1084: 0 | G1084: Yes | H1084: Yes | I1084: No | J1084: No internet service | K1084: No internet service | L1084: No internet service | M1084: No internet service | N1084: No internet service | O1084: No internet service | P1084: Two year | Q1084: No | R1084: Mailed check | S1084: 25.75 | U1084: No | V1084: =IF(F1084<=12,"0-12 Months",IF(F1084<=24,"13-24 Months",IF(F1084<=48,"25-48 Months","49-72 Months"))) -> 0-12 Months | W1084: =IF(S1084<=30,"0-30",IF(S1084<=60,"31-60",IF(S1084<=90,"61-90","91+"))) -> 0-30 | X1084: =COUNTIF(G1084:O1084,"Yes") -> 2
A1085: 9878-TNQGW | B1085: Male | C1085: 0 | D1085: No | E1085: No | F1085: 2 | G1085: Yes | H1085: No | I1085: Fiber optic | J1085: No | K1085: No | L1085: No | M1085: No | N1085: No | O1085: Yes | P1085: Month-to-month | Q1085: Yes | R1085: Electronic check | S1085: 80.95 | T1085: 171.15 | U1085: Yes | V1085: =IF(F1085<=12,"0-12 Months",IF(F1085<=24,"13-24 Months",IF(F1085<=48,"25-48 Months","49-72 Months"))) -> 0-12 Months | W1085: =IF(S1085<=30,"0-30",IF(S1085<=60,"31-60",IF(S1085<=90,"61-90","91+"))) -> 61-90 | X1085: =COUNTIF(G1085:O1085,"Yes") -> 2
A1086: 9170-ARBTB | B1086: Female | C1086: 0 | D1086: Yes | E1086: Yes | F1086: 52 | G1086: Yes | H1086: No | I1086: No | J1086: No internet service | K1086: No internet service | L1086: No internet service | M1086: No internet service | N1086: No internet service | O1086: No internet service | P1086: One year | Q1086: No | R1086: Credit card (automatic) | S1086: 19.6 | T1086: 1012.4 | U1086: No | V1086: =IF(F1086<=12,"0-12 Months",IF(F1086<=24,"13-24 Months",IF(F1086<=48,"25-48 Months","49-72 Months"))) -> 49-72 Months | W1086: =IF(S1086<=30,"0-30",IF(S1086<=60,"31-60",IF(S1086<=90,"61-90","91+"))) -> 0-30 | X1086: =COUNTIF(G1086:O1086,"Yes") -> 1
A1087: 4441-NIHPT | B1087: Female | C1087: 1 | D1087: No | E1087: No | F1087: 13 | G1087: Yes | H1087: No | I1087: Fiber optic | J1087: No | K1087: No | L1087: Yes | M1087: No | N1087: No | O1087: No | P1087: Month-to-month | Q1087: Yes | R1087: Electronic check | S1087: 74.3 | T1087: 940.35 | U1087: Yes | V1087: =IF(F1087<=12,"0-12 Months",IF(F1087<=24,"13-24 Months",IF(F1087<=48,"25-48 Months","49-72 Months"))) -> 13-24 Months | W1087: =IF(S1087<=30,"0-30",IF(S1087<=60,"31-60",IF(S1087<=90,"61-90","91+"))) -> 61-90 | X1087: =COUNTIF(G1087:O1087,"Yes") -> 2
A1088: 8999-BOHSE | B1088: Female | C1088: 1 | D1088: No | E1088: No | F1088: 11 | G1088: Yes | H1088: No | I1088: Fiber optic | J1088: No | K1088: No | L1088: No | M1088: No | N1088: Yes | O1088: Yes | P1088: Month-to-month | Q1088: No | R1088: Bank transfer (automatic) | S1088: 89.7 | T1088: 1047.7 | U1088: Yes | V1088: =IF(F1088<=12,"0-12 Months",IF(F1088<=24,"13-24 Months",IF(F1088<=48,"25-48 Months","49-72 Months"))) -> 0-12 Months | W1088: =IF(S1088<=30,"0-30",IF(S1088<=60,"31-60",IF(S1088<=90,"61-90","91+"))) -> 61-90 | X1088: =COUNTIF(G1088:O1088,"Yes") -> 3
A1089: 7241-AJHFS | B1089: Male | C1089: 0 | D1089: No | E1089: No | F1089: 32 | G1089: Yes | H1089: Yes | I1089: Fiber optic | J1089: Yes | K1089: No | L1089: No | M1089: Yes | N1089: No | O1089: No | P1089: Month-to-month | Q1089: No | R1089: Bank transfer (automatic) | S1089: 87.65 | T1089: 2766.4 | U1089: No | V1089: =IF(F1089<=12,"0-12 Months",IF(F1089<=24,"13-24 Months",IF(F1089<=48,"25-48 Months","49-72 Months"))) -> 25-48 Months | W1089: =IF(S1089<=30,"0-30",IF(S1089<=60,"31-60",IF(S1089<=90,"61-90","91+"))) -> 61-90 | X1089: =COUNTIF(G1089:O1089,"Yes") -> 4
A1090: 7029-RPUAV | B1090: Male | C1090: 1 | D1090: Yes | E1090: No | F1090: 17 | G1090: Yes | H1090: Yes | I1090: Fiber optic | J1090: No | K1090: No | L1090: Yes | M1090: No | N1090: Yes | O1090: Yes | P1090: Month-to-month | Q1090: Yes | R1090: Credit card (automatic) | S1090: 100.45 | T1090: 1622.45 | U1090: Yes | V1090: =IF(F1090<=12,"0-12 Months",IF(F1090<=24,"13-24 Months",IF(F1090<=48,"25-48 Months","49-72 Months"))) -> 13-24 Months | W1090: =IF(S1090<=30,"0-30",IF(S1090<=60,"31-60",IF(S1090<=90,"61-90","91+"))) -> 91+ | X1090: =COUNTIF(G1090:O1090,"Yes") -> 5
A1091: 4546-FOKWR | B1091: Female | C1091: 0 | D1091: No | E1091: No | F1091: 16 | G1091: Yes | H1091: Yes | I1091: Fiber optic | J1091: No | K1091: No | L1091: No | M1091: No | N1091: No | O1091: No | P1091: Month-to-month | Q1091: Yes | R1091: Credit card (automatic) | S1091: 74.75 | T1091: 1129.35 | U1091: No | V1091: =IF(F1091<=12,"0-12 Months",IF(F1091<=24,"13-24 Months",IF(F1091<=48,"25-48 Months","49-72 Months"))) -> 13-24 Months | W1091: =IF(S1091<=30,"0-30",IF(S1091<=60,"31-60",IF(S1091<=90,"61-90","91+"))) -> 61-90 | X1091: =COUNTIF(G1091:O1091,"Yes") -> 2
A1092: 9036-CSKBW | B1092: Female | C1092: 0 | D1092: No | E1092: No | F1092: 51 | G1092: Yes | H1092: Yes | I1092: Fiber optic | J1092: Yes | K1092: Yes | L1092: Yes | M1092: No | N1092: Yes | O1092: Yes | P1092: One year | Q1092: No | R1092: Bank transfer (automatic) | S1092: 107.45 | T1092: 5680.9 | U1092: No | V1092: =IF(F1092<=12,"0-12 Months",IF(F1092<=24,"13-24 Months",IF(F1092<=48,"25-48 Months","49-72 Months"))) -> 49-72 Months | W1092: =IF(S1092<=30,"0-30",IF(S1092<=60,"31-60",IF(S1092<=90,"61-90","91+"))) -> 91+ | X1092: =COUNTIF(G1092:O1092,"Yes") -> 7
A1093: 5832-TRLPB | B1093: Male | C1093: 0 | D1093: No | E1093: No | F1093: 29 | G1093: Yes | H1093: No | I1093: DSL | J1093: No | K1093: No | L1093: Yes | M1093: Yes | N1093: Yes | O1093: Yes | P1093: One year | Q1093: Yes | R1093: Bank transfer (automatic) | S1093: 75.35 | T1093: 2243.9 | U1093: No | V1093: =IF(F1093<=12,"0-12 Months",IF(F1093<=24,"13-24 Months",IF(F1093<=48,"25-48 Months","49-72 Months"))) -> 25-48 Months | W1093: =IF(S1093<=30,"0-30",IF(S1093<=60,"31-60",IF(S1093<=90,"61-90","91+"))) -> 61-90 | X1093: =COUNTIF(G1093:O1093,"Yes") -> 5
A1094: 8590-YFFQO | B1094: Male | C1094: 0 | D1094: Yes | E1094: No | F1094: 70 | G1094: Yes | H1094: No | I1094: DSL | J1094: Yes | K1094: Yes | L1094: Yes | M1094: Yes | N1094: No | O1094: No | P1094: Two year | Q1094: No | R1094: Credit card (automatic) | S1094: 64.95 | T1094: 4523.25 | U1094: No | V1094: =IF(F1094<=12,"0-12 Months",IF(F1094<=24,"13-24 Months",IF(F1094<=48,"25-48 Months","49-72 Months"))) -> 49-72 Months | W1094: =IF(S1094<=30,"0-30",IF(S1094<=60,"31-60",IF(S1094<=90,"61-90","91+"))) -> 61-90 | X1094: =COUNTIF(G1094:O1094,"Yes") -> 5
A1095: 8659-IOOPU | B1095: Female | C1095: 0 | D1095: Yes | E1095: Yes | F1095: 71 | G1095: Yes | H1095: Yes | I1095: Fiber optic | J1095: Yes | K1095: No | L1095: Yes | M1095: Yes | N1095: No | O1095: Yes | P1095: Two year | Q1095: No | R1095: Electronic check | S1095: 100.45 | T1095: 7159.7 | U1095: No | V1095: =IF(F1095<=12,"0-12 Months",IF(F1095<=24,"13-24 Months",IF(F1095<=48,"25-48 Months","49-72 Months"))) -> 49-72 Months | W1095: =IF(S1095<=30,"0-30",IF(S1095<=60,"31-60",IF(S1095<=90,"61-90","91+"))) -> 91+ | X1095: =COUNTIF(G1095:O1095,"Yes") -> 6
A1096: 1338-CECEE | B1096: Male | C1096: 0 | D1096: Yes | E1096: Yes | F1096: 41 | G1096: Yes | H1096: Yes | I1096: DSL | J1096: No | K1096: Yes | L1096: Yes | M1096: No | N1096: Yes | O1096: No | P1096: One year | Q1096: No | R1096: Bank transfer (automatic) | S1096: 68.5 | T1096: 2839.95 | U1096: No | V1096: =IF(F1096<=12,"0-12 Months",IF(F1096<=24,"13-24 Months",IF(F1096<=48,"25-48 Months","49-72 Months"))) -> 25-48 Months | W1096: =IF(S1096<=30,"0-30",IF(S1096<=60,"31-60",IF(S1096<=90,"61-90","91+"))) -> 61-90 | X1096: =COUNTIF(G1096:O1096,"Yes") -> 5
... A1341: 3838-OZURD | B1341: Male | C1341: 0 | D1341: Yes | E1341: No | F1341: 66 | G1341: Yes | H1341: Yes | I1341: Fiber optic | J1341: No | K1341: Yes | L1341: Yes | M1341: No | N1341: Yes | O1341: Yes | P1341: Month-to-month | Q1341: Yes | R1341: Credit card (automatic) | S1341: 105 | T1341: 7133.25 | U1341: Yes | V1341: =IF(F1341<=12,"0-12 Months",IF(F1341<=24,"13-24 Months",IF(F1341<=48,"25-48 Months","49-72 Months"))) -> 49-72 Months | W1341: =IF(S1341<=30,"0-30",IF(S1341<=60,"31-60",IF(S1341<=90,"61-90","91+"))) -> 91+ | X1341: =COUNTIF(G1341:O1341,"Yes") -> 6
A1342: 1371-DWPAZ | B1342: Female | C1342: 0 | D1342: Yes | E1342: Yes | F1342: 0 | G1342: No | H1342: No phone service | I1342: DSL | J1342: Yes | K1342: Yes | L1342: Yes | M1342: Yes | N1342: Yes | O1342: No | P1342: Two year | Q1342: No | R1342: Credit card (automatic) | S1342: 56.05 | U1342: No | V1342: =IF(F1342<=12,"0-12 Months",IF(F1342<=24,"13-24 Months",IF(F1342<=48,"25-48 Months","49-72 Months"))) -> 0-12 Months | W1342: =IF(S1342<=30,"0-30",IF(S1342<=60,"31-60",IF(S1342<=90,"61-90","91+"))) -> 31-60 | X1342: =COUNTIF(G1342:O1342,"Yes") -> 5
A1343: 9269-CQOOL | B1343: Male | C1343: 0 | D1343: No | E1343: Yes | F1343: 3 | G1343: Yes | H1343: No | I1343: DSL | J1343: No | K1343: No | L1343: No | M1343: No | N1343: Yes | O1343: No | P1343: Month-to-month | Q1343: Yes | R1343: Credit card (automatic) | S1343: 54.7 | T1343: 169.45 | U1343: Yes | V1343: =IF(F1343<=12,"0-12 Months",IF(F1343<=24,"13-24 Months",IF(F1343<=48,"25-48 Months","49-72 Months"))) -> 0-12 Months | W1343: =IF(S1343<=30,"0-30",IF(S1343<=60,"31-60",IF(S1343<=90,"61-90","91+"))) -> 31-60 | X1343: =COUNTIF(G1343:O1343,"Yes") -> 2
A1344: 2017-CCBLH | B1344: Female | C1344: 0 | D1344: No | E1344: No | F1344: 8 | G1344: Yes | H1344: No | I1344: No | J1344: No internet service | K1344: No internet service | L1344: No internet service | M1344: No internet service | N1344: No internet service | O1344: No internet service | P1344: Two year | Q1344: No | R1344: Mailed check | S1344: 20 | T1344: 141.6 | U1344: No | V1344: =IF(F1344<=12,"0-12 Months",IF(F1344<=24,"13-24 Months",IF(F1344<=48,"25-48 Months","49-72 Months"))) -> 0-12 Months | W1344: =IF(S1344<=30,"0-30",IF(S1344<=60,"31-60",IF(S1344<=90,"61-90","91+"))) -> 0-30 | X1344: =COUNTIF(G1344:O1344,"Yes") -> 1
A1345: 7690-KPNCU | B1345: Male | C1345: 0 | D1345: Yes | E1345: Yes | F1345: 64 | G1345: Yes | H1345: No | I1345: DSL | J1345: Yes | K1345: No | L1345: Yes | M1345: No | N1345: Yes | O1345: Yes | P1345: One year | Q1345: Yes | R1345: Credit card (automatic) | S1345: 73.05 | T1345: 4688.65 | U1345: No | V1345: =IF(F1345<=12,"0-12 Months",IF(F1345<=24,"13-24 Months",IF(F1345<=48,"25-48 Months","49-72 Months"))) -> 49-72 Months | W1345: =IF(S1345<=30,"0-30",IF(S1345<=60,"31-60",IF(S1345<=90,"61-90","91+"))) -> 61-90 | X1345: =COUNTIF(G1345:O1345,"Yes") -> 5
A1346: 0536-BGFMZ | B1346: Female | C1346: 0 | D1346: Yes | E1346: No | F1346: 28 | G1346: Yes | H1346: No | I1346: No | J1346: No internet service | K1346: No internet service | L1346: No internet service | M1346: No internet service | N1346: No internet service | O1346: No internet service | P1346: Month-to-month | Q1346: No | R1346: Mailed check | S1346: 20.5 | T1346: 563.05 | U1346: No | V1346: =IF(F1346<=12,"0-12 Months",IF(F1346<=24,"13-24 Months",IF(F1346<=48,"25-48 Months","49-72 Months"))) -> 25-48 Months | W1346: =IF(S1346<=30,"0-30",IF(S1346<=60,"31-60",IF(S1346<=90,"61-90","91+"))) -> 0-30 | X1346: =COUNTIF(G1346:O1346,"Yes") -> 1
A1347: 2293-IJWPS | B1347: Female | C1347: 0 | D1347: Yes | E1347: No | F1347: 57 | G1347: Yes | H1347: Yes | I1347: Fiber optic | J1347: No | K1347: No | L1347: Yes | M1347: No | N1347: Yes | O1347: Yes | P1347: One year | Q1347: Yes | R1347: Credit card (automatic) | S1347: 100.75 | T1347: 5985 | U1347: No | V1347: =IF(F1347<=12,"0-12 Months",IF(F1347<=24,"13-24 Months",IF(F1347<=48,"25-48 Months","49-72 Months"))) -> 49-72 Months | W1347: =IF(S1347<=30,"0-30",IF(S1347<=60,"31-60",IF(S1347<=90,"61-90","91+"))) -> 91+ | X1347: =COUNTIF(G1347:O1347,"Yes") -> 5
A1348: 2845-HSJCY | B1348: Female | C1348: 0 | D1348: Yes | E1348: Yes | F1348: 14 | G1348: Yes | H1348: Yes | I1348: Fiber optic | J1348: No | K1348: No | L1348: Yes | M1348: No | N1348: No | O1348: Yes | P1348: Month-to-month | Q1348: Yes | R1348: Electronic check | S1348: 87.25 | T1348: 1258.6 | U1348: Yes | V1348: =IF(F1348<=12,"0-12 Months",IF(F1348<=24,"13-24 Months",IF(F1348<=48,"25-48 Months","49-72 Months"))) -> 13-24 Months | W1348: =IF(S1348<=30,"0-30",IF(S1348<=60,"31-60",IF(S1348<=90,"61-90","91+"))) -> 61-90 | X1348: =COUNTIF(G1348:O1348,"Yes") -> 4
A1349: 5469-NUJUR | B1349: Male | C1349: 0 | D1349: No | E1349: No | F1349: 19 | G1349: Yes | H1349: No | I1349: No | J1349: No internet service | K1349: No internet service | L1349: No internet service | M1349: No internet service | N1349: No internet service | O1349: No internet service | P1349: Two year | Q1349: Yes | R1349: Mailed check | S1349: 19.95 | T1349: 373.5 | U1349: No | V1349: =IF(F1349<=12,"0-12 Months",IF(F1349<=24,"13-24 Months",IF(F1349<=48,"25-48 Months","49-72 Months"))) -> 13-24 Months | W1349: =IF(S1349<=30,"0-30",IF(S1349<=60,"31-60",IF(S1349<=90,"61-90","91+"))) -> 0-30 | X1349: =COUNTIF(G1349:O1349,"Yes") -> 1
A1350: 1184-PJVDB | B1350: Male | C1350: 0 | D1350: Yes | E1350: No | F1350: 10 | G1350: Yes | H1350: No | I1350: Fiber optic | J1350: No | K1350: No | L1350: No | M1350: No | N1350: Yes | O1350: No | P1350: Month-to-month | Q1350: Yes | R1350: Electronic check | S1350: 79.95 | T1350: 857.2 | U1350: Yes | V1350: =IF(F1350<=12,"0-12 Months",IF(F1350<=24,"13-24 Months",IF(F1350<=48,"25-48 Months","49-72 Months"))) -> 0-12 Months | W1350: =IF(S1350<=30,"0-30",IF(S1350<=60,"31-60",IF(S1350<=90,"61-90","91+"))) -> 61-90 | X1350: =COUNTIF(G1350:O1350,"Yes") -> 2
A1351: 2625-TRCZQ | B1351: Female | C1351: 0 | D1351: Yes | E1351: No | F1351: 51 | G1351: No | H1351: No phone service | I1351: DSL | J1351: No | K1351: Yes | L1351: No | M1351: No | N1351: Yes | O1351: Yes | P1351: Month-to-month | Q1351: Yes | R1351: Electronic check | S1351: 49.65 | T1351: 2553.35 | U1351: No | V1351: =IF(F1351<=12,"0-12 Months",IF(F1351<=24,"13-24 Months",IF(F1351<=48,"25-48 Months","49-72 Months"))) -> 49-72 Months | W1351: =IF(S1351<=30,"0-30",IF(S1351<=60,"31-60",IF(S1351<=90,"61-90","91+"))) -> 31-60 | X1351: =COUNTIF(G1351:O1351,"Yes") -> 3
A1352: 4102-HLENU | B1352: Female | C1352: 0 | D1352: Yes | E1352: No | F1352: 67 | G1352: Yes | H1352: Yes | I1352: DSL | J1352: Yes | K1352: Yes | L1352: Yes | M1352: No | N1352: No | O1352: No | P1352: Two year | Q1352: No | R1352: Mailed check | S1352: 65.65 | T1352: 4322.85 | U1352: No | V1352: =IF(F1352<=12,"0-12 Months",IF(F1352<=24,"13-24 Months",IF(F1352<=48,"25-48 Months","49-72 Months"))) -> 49-72 Months | W1352: =IF(S1352<=30,"0-30",IF(S1352<=60,"31-60",IF(S1352<=90,"61-90","91+"))) -> 61-90 | X1352: =COUNTIF(G1352:O1352,"Yes") -> 5
A1353: 7266-GSSJX | B1353: Male | C1353: 0 | D1353: Yes | E1353: Yes | F1353: 11 | G1353: Yes | H1353: No | I1353: No | J1353: No internet service | K1353: No internet service | L1353: No internet service | M1353: No internet service | N1353: No internet service | O1353: No internet service | P1353: Month-to-month | Q1353: Yes | R1353: Electronic check | S1353: 20.45 | T1353: 250.8 | U1353: No | V1353: =IF(F1353<=12,"0-12 Months",IF(F1353<=24,"13-24 Months",IF(F1353<=48,"25-48 Months","49-72 Months"))) -> 0-12 Months | W1353: =IF(S1353<=30,"0-30",IF(S1353<=60,"31-60",IF(S1353<=90,"61-90","91+"))) -> 0-30 | X1353: =COUNTIF(G1353:O1353,"Yes") -> 1
A1354: 7722-VJRQD | B1354: Male | C1354: 0 | D1354: Yes | E1354: Yes | F1354: 72 | G1354: No | H1354: No phone service | I1354: DSL | J1354: Yes | K1354: No | L1354: Yes | M1354: Yes | N1354: Yes | O1354: Yes | P1354: Two year | Q1354: No | R1354: Bank transfer (automatic) | S1354: 60.95 | T1354: 4549.05 | U1354: No | V1354: =IF(F1354<=12,"0-12 Months",IF(F1354<=24,"13-24 Months",IF(F1354<=48,"25-48 Months","49-72 Months"))) -> 49-72 Months | W1354: =IF(S1354<=30,"0-30",IF(S1354<=60,"31-60",IF(S1354<=90,"61-90","91+"))) -> 61-90 | X1354: =COUNTIF(G1354:O1354,"Yes") -> 5
... A3332: 8276-MQBYC | B3332: Male | C3332: 1 | D3332: No | E3332: No | F3332: 51 | G3332: Yes | H3332: Yes | I3332: Fiber optic | J3332: No | K3332: No | L3332: Yes | M3332: No | N3332: Yes | O3332: Yes | P3332: Month-to-month | Q3332: Yes | R3332: Electronic check | S3332: 97.8 | T3332: 4913.3 | U3332: Yes | V3332: =IF(F3332<=12,"0-12 Months",IF(F3332<=24,"13-24 Months",IF(F3332<=48,"25-48 Months","49-72 Months"))) -> 49-72 Months | W3332: =IF(S3332<=30,"0-30",IF(S3332<=60,"31-60",IF(S3332<=90,"61-90","91+"))) -> 91+ | X3332: =COUNTIF(G3332:O3332,"Yes") -> 5
A3333: 7644-OMVMY | B3333: Male | C3333: 0 | D3333: Yes | E3333: Yes | F3333: 0 | G3333: Yes | H3333: No | I3333: No | J3333: No internet service | K3333: No internet service | L3333: No internet service | M3333: No internet service | N3333: No internet service | O3333: No internet service | P3333: Two year | Q3333: No | R3333: Mailed check | S3333: 19.85 | U3333: No | V3333: =IF(F3333<=12,"0-12 Months",IF(F3333<=24,"13-24 Months",IF(F3333<=48,"25-48 Months","49-72 Months"))) -> 0-12 Months | W3333: =IF(S3333<=30,"0-30",IF(S3333<=60,"31-60",IF(S3333<=90,"61-90","91+"))) -> 0-30 | X3333: =COUNTIF(G3333:O3333,"Yes") -> 1
A3334: 7593-XFKDI | B3334: Male | C3334: 0 | D3334: No | E3334: No | F3334: 1 | G3334: Yes | H3334: No | I3334: DSL | J3334: No | K3334: No | L3334: No | M3334: No | N3334: No | O3334: No | P3334: Month-to-month | Q3334: No | R3334: Mailed check | S3334: 46.3 | T3334: 46.3 | U3334: Yes | V3334: =IF(F3334<=12,"0-12 Months",IF(F3334<=24,"13-24 Months",IF(F3334<=48,"25-48 Months","49-72 Months"))) -> 0-12 Months | W3334: =IF(S3334<=30,"0-30",IF(S3334<=60,"31-60",IF(S3334<=90,"61-90","91+"))) -> 31-60 | X3334: =COUNTIF(G3334:O3334,"Yes") -> 1
A3335: 4573-JKNAE | B3335: Male | C3335: 0 | D3335: No | E3335: Yes | F3335: 12 | G3335: Yes | H3335: No | I3335: No | J3335: No internet service | K3335: No internet service | L3335: No internet service | M3335: No internet service | N3335: No internet service | O3335: No internet service | P3335: Two year | Q3335: No | R3335: Bank transfer (automatic) | S3335: 19.35 | T3335: 212.3 | U3335: No | V3335: =IF(F3335<=12,"0-12 Months",IF(F3335<=24,"13-24 Months",IF(F3335<=48,"25-48 Months","49-72 Months"))) -> 0-12 Months | W3335: =IF(S3335<=30,"0-30",IF(S3335<=60,"31-60",IF(S3335<=90,"61-90","91+"))) -> 0-30 | X3335: =COUNTIF(G3335:O3335,"Yes") -> 1
A3336: 0337-CNPZE | B3336: Female | C3336: 0 | D3336: No | E3336: No | F3336: 41 | G3336: Yes | H3336: Yes | I3336: Fiber optic | J3336: No | K3336: Yes | L3336: Yes | M3336: No | N3336: Yes | O3336: Yes | P3336: Month-to-month | Q3336: Yes | R3336: Electronic check | S3336: 106.3 | T3336: 4443.45 | U3336: Yes | V3336: =IF(F3336<=12,"0-12 Months",IF(F3336<=24,"13-24 Months",IF(F3336<=48,"25-48 Months","49-72 Months"))) -> 25-48 Months | W3336: =IF(S3336<=30,"0-30",IF(S3336<=60,"31-60",IF(S3336<=90,"61-90","91+"))) -> 91+ | X3336: =COUNTIF(G3336:O3336,"Yes") -> 6
A3337: 9817-APLHW | B3337: Male | C3337: 0 | D3337: No | E3337: No | F3337: 12 | G3337: Yes | H3337: Yes | I3337: No | J3337: No internet service | K3337: No internet service | L3337: No internet service | M3337: No internet service | N3337: No internet service | O3337: No internet service | P3337: Month-to-month | Q3337: No | R3337: Electronic check | S3337: 25 | T3337: 316.2 | U3337: No | V3337: =IF(F3337<=12,"0-12 Months",IF(F3337<=24,"13-24 Months",IF(F3337<=48,"25-48 Months","49-72 Months"))) -> 0-12 Months | W3337: =IF(S3337<=30,"0-30",IF(S3337<=60,"31-60",IF(S3337<=90,"61-90","91+"))) -> 0-30 | X3337: =COUNTIF(G3337:O3337,"Yes") -> 2
A3338: 8380-MQINP | B3338: Female | C3338: 0 | D3338: Yes | E3338: Yes | F3338: 55 | G3338: Yes | H3338: No | I3338: No | J3338: No internet service | K3338: No internet service | L3338: No internet service | M3338: No internet service | N3338: No internet service | O3338: No internet service | P3338: Two year | Q3338: No | R3338: Mailed check | S3338: 20.3 | T3338: 1079.05 | U3338: No | V3338: =IF(F3338<=12,"0-12 Months",IF(F3338<=24,"13-24 Months",IF(F3338<=48,"25-48 Months","49-72 Months"))) -> 49-72 Months | W3338: =IF(S3338<=30,"0-30",IF(S3338<=60,"31-60",IF(S3338<=90,"61-90","91+"))) -> 0-30 | X3338: =COUNTIF(G3338:O3338,"Yes") -> 1
A3339: 0840-DFEZH | B3339: Female | C3339: 0 | D3339: No | E3339: No | F3339: 7 | G3339: Yes | H3339: Yes | I3339: Fiber optic | J3339: No | K3339: No | L3339: No | M3339: No | N3339: No | O3339: No | P3339: Month-to-month | Q3339: Yes | R3339: Electronic check | S3339: 75.35 | T3339: 564.65 | U3339: No | V3339: =IF(F3339<=12,"0-12 Months",IF(F3339<=24,"13-24 Months",IF(F3339<=48,"25-48 Months","49-72 Months"))) -> 0-12 Months | W3339: =IF(S3339<=30,"0-30",IF(S3339<=60,"31-60",IF(S3339<=90,"61-90","91+"))) -> 61-90 | X3339: =COUNTIF(G3339:O3339,"Yes") -> 2
A3340: 1513-XNPPH | B3340: Female | C3340: 0 | D3340: No | E3340: No | F3340: 12 | G3340: Yes | H3340: No | I3340: Fiber optic | J3340: No | K3340: No | L3340: Yes | M3340: Yes | N3340: No | O3340: Yes | P3340: Month-to-month | Q3340: Yes | R3340: Electronic check | S3340: 89.4 | T3340: 1095.65 | U3340: Yes | V3340: =IF(F3340<=12,"0-12 Months",IF(F3340<=24,"13-24 Months",IF(F3340<=48,"25-48 Months","49-72 Months"))) -> 0-12 Months | W3340: =IF(S3340<=30,"0-30",IF(S3340<=60,"31-60",IF(S3340<=90,"61-90","91+"))) -> 61-90 | X3340: =COUNTIF(G3340:O3340,"Yes") -> 4
A3341: 8690-ZVLCL | B3341: Female | C3341: 0 | D3341: Yes | E3341: Yes | F3341: 68 | G3341: Yes | H3341: Yes | I3341: DSL | J3341: Yes | K3341: Yes | L3341: Yes | M3341: Yes | N3341: Yes | O3341: Yes | P3341: Two year | Q3341: No | R3341: Credit card (automatic) | S3341: 88 | T3341: 6161.9 | U3341: No | V3341: =IF(F3341<=12,"0-12 Months",IF(F3341<=24,"13-24 Months",IF(F3341<=48,"25-48 Months","49-72 Months"))) -> 49-72 Months | W3341: =IF(S3341<=30,"0-30",IF(S3341<=60,"31-60",IF(S3341<=90,"61-90","91+"))) -> 61-90 | X3341: =COUNTIF(G3341:O3341,"Yes") -> 8
A3342: 6015-VVHHE | B3342: Female | C3342: 1 | D3342: No | E3342: No | F3342: 5 | G3342: Yes | H3342: Yes | I3342: Fiber optic | J3342: No | K3342: No | L3342: No | M3342: No | N3342: Yes | O3342: No | P3342: Month-to-month | Q3342: Yes | R3342: Credit card (automatic) | S3342: 83.15 | T3342: 446.05 | U3342: Yes | V3342: =IF(F3342<=12,"0-12 Months",IF(F3342<=24,"13-24 Months",IF(F3342<=48,"25-48 Months","49-72 Months"))) -> 0-12 Months | W3342: =IF(S3342<=30,"0-30",IF(S3342<=60,"31-60",IF(S3342<=90,"61-90","91+"))) -> 61-90 | X3342: =COUNTIF(G3342:O3342,"Yes") -> 3
A3343: 1125-SNVCK | B3343: Female | C3343: 1 | D3343: No | E3343: No | F3343: 49 | G3343: Yes | H3343: No | I3343: DSL | J3343: No | K3343: No | L3343: No | M3343: No | N3343: No | O3343: No | P3343: Month-to-month | Q3343: No | R3343: Mailed check | S3343: 43.8 | T3343: 2106.05 | U3343: No | V3343: =IF(F3343<=12,"0-12 Months",IF(F3343<=24,"13-24 Months",IF(F3343<=48,"25-48 Months","49-72 Months"))) -> 49-72 Months | W3343: =IF(S3343<=30,"0-30",IF(S3343<=60,"31-60",IF(S3343<=90,"61-90","91+"))) -> 31-60 | X3343: =COUNTIF(G3343:O3343,"Yes") -> 1
A3344: 0384-LPITE | B3344: Male | C3344: 0 | D3344: No | E3344: No | F3344: 40 | G3344: No | H3344: No phone service | I3344: DSL | J3344: Yes | K3344: Yes | L3344: Yes | M3344: No | N3344: Yes | O3344: Yes | P3344: One year | Q3344: No | R3344: Credit card (automatic) | S3344: 62.05 | T3344: 2511.55 | U3344: No | V3344: =IF(F3344<=12,"0-12 Months",IF(F3344<=24,"13-24 Months",IF(F3344<=48,"25-48 Months","49-72 Months"))) -> 25-48 Months | W3344: =IF(S3344<=30,"0-30",IF(S3344<=60,"31-60",IF(S3344<=90,"61-90","91+"))) -> 61-90 | X3344: =COUNTIF(G3344:O3344,"Yes") -> 5
A3345: 4616-EWBNJ | B3345: Female | C3345: 0 | D3345: No | E3345: No | F3345: 16 | G3345: Yes | H3345: No | I3345: No | J3345: No internet service | K3345: No internet service | L3345: No internet service | M3345: No internet service | N3345: No internet service | O3345: No internet service | P3345: One year | Q3345: No | R3345: Bank transfer (automatic) | S3345: 20.1 | T3345: 318.6 | U3345: No | V3345: =IF(F3345<=12,"0-12 Months",IF(F3345<=24,"13-24 Months",IF(F3345<=48,"25-48 Months","49-72 Months"))) -> 13-24 Months | W3345: =IF(S3345<=30,"0-30",IF(S3345<=60,"31-60",IF(S3345<=90,"61-90","91+"))) -> 0-30 | X3345: =COUNTIF(G3345:O3345,"Yes") -> 1
... A3827: 3620-EHIMZ | B3827: Female | C3827: 0 | D3827: Yes | E3827: Yes | F3827: 52 | G3827: Yes | H3827: No | I3827: No | J3827: No internet service | K3827: No internet service | L3827: No internet service | M3827: No internet service | N3827: No internet service | O3827: No internet service | P3827: Two year | Q3827: No | R3827: Mailed check | S3827: 19.35 | T3827: 1031.7 | U3827: No | V3827: =IF(F3827<=12,"0-12 Months",IF(F3827<=24,"13-24 Months",IF(F3827<=48,"25-48 Months","49-72 Months"))) -> 49-72 Months | W3827: =IF(S3827<=30,"0-30",IF(S3827<=60,"31-60",IF(S3827<=90,"61-90","91+"))) -> 0-30 | X3827: =COUNTIF(G3827:O3827,"Yes") -> 1
A3828: 3213-VVOLG | B3828: Male | C3828: 0 | D3828: Yes | E3828: Yes | F3828: 0 | G3828: Yes | H3828: Yes | I3828: No | J3828: No internet service | K3828: No internet service | L3828: No internet service | M3828: No internet service | N3828: No internet service | O3828: No internet service | P3828: Two year | Q3828: No | R3828: Mailed check | S3828: 25.35 | U3828: No | V3828: =IF(F3828<=12,"0-12 Months",IF(F3828<=24,"13-24 Months",IF(F3828<=48,"25-48 Months","49-72 Months"))) -> 0-12 Months | W3828: =IF(S3828<=30,"0-30",IF(S3828<=60,"31-60",IF(S3828<=90,"61-90","91+"))) -> 0-30 | X3828: =COUNTIF(G3828:O3828,"Yes") -> 2
A3829: 6870-ECSHE | B3829: Female | C3829: 0 | D3829: No | E3829: No | F3829: 2 | G3829: Yes | H3829: No | I3829: No | J3829: No internet service | K3829: No internet service | L3829: No internet service | M3829: No internet service | N3829: No internet service | O3829: No internet service | P3829: One year | Q3829: No | R3829: Mailed check | S3829: 20.45 | T3829: 34.8 | U3829: No | V3829: =IF(F3829<=12,"0-12 Months",IF(F3829<=24,"13-24 Months",IF(F3829<=48,"25-48 Months","49-72 Months"))) -> 0-12 Months | W3829: =IF(S3829<=30,"0-30",IF(S3829<=60,"31-60",IF(S3829<=90,"61-90","91+"))) -> 0-30 | X3829: =COUNTIF(G3829:O3829,"Yes") -> 1
...

Sheet Service Bundle Analysis
A1: Churn | B1: Yes
A3: Row Labels | B3: Total Customers | C3: Count of customerID | D3: Total Customers | E3: Churn Rate %
A4: 0 | B4: 35 | C4: 35 | D4: =COUNTIF(IBM_Telecom_Customer_Churn_Anal!$X:$X,A4) -> 80 | E4: =B4/D4 -> 0.4375
A5: 1 | B5: 359 | C5: 359 | D5: =COUNTIF(IBM_Telecom_Customer_Churn_Anal!$X:$X,A5) -> 1701 | E5: =B5/D5 -> 0.21105232
A6: 2 | B6: 390 | C6: 390 | D6: =COUNTIF(IBM_Telecom_Customer_Churn_Anal!$X:$X,A6) -> 1188 | E6: =B6/D6 -> 0.32828283
A7: 3 | B7: 352 | C7: 352 | D7: =COUNTIF(IBM_Telecom_Customer_Churn_Anal!$X:$X,A7) -> 965 | E7: =B7/D7 -> 0.36476684
A8: 4 | B8: 289 | C8: 289 | D8: =COUNTIF(IBM_Telecom_Customer_Churn_Anal!$X:$X,A8) -> 922 | E8: =B8/D8 -> 0.31344902
A9: 5 | B9: 232 | C9: 232 | D9: =COUNTIF(IBM_Telecom_Customer_Churn_Anal!$X:$X,A9) -> 908 | E9: =B9/D9 -> 0.25550661
A10: 6 | B10: 152 | C10: 152 | D10: =COUNTIF(IBM_Telecom_Customer_Churn_Anal!$X:$X,A10) -> 676 | E10: =B10/D10 -> 0.22485207
A11: 7 | B11: 49 | C11: 49 | D11: =COUNTIF(IBM_Telecom_Customer_Churn_Anal!$X:$X,A11) -> 395 | E11: =B11/D11 -> 0.12405063
A12: 8 | B12: 11 | C12: 11 | D12: =COUNTIF(IBM_Telecom_Customer_Churn_Anal!$X:$X,A12) -> 208 | E12: =B12/D12 -> 0.052884615
A13: Grand Total | B13: 1869 | C13: 1869 | D13: =SUM(D4:D12) -> 7043

Sheet Business Case Calc
A1: Metric | B1: Value
A2: Total M2M Churners | B2: 1655
A3: Avg Monthly Charge | B3: $64.76
A4: Incentive Cost | B4: $20
A5: Customers Saved (10%) | B5: 166
A6: Revenue Recovered | B6: $10,751
A7: Campaign Cost | B7: $3,320
A8: Net Monthly Gain | B8: $7431
A9: Payback Period | B9: 0.45 Months

Sheet Cohort Analysis
A1: Tenure Group | B1: Churned Customers | C1: Churn Rate %
A2: 0-12 Months | B2: 1037 | C2: 0.4744
A3: 13-24 Months | B3: 294 | C3: 0.2871
A4: 25-48 Months | B4: 325 | C4: 0.2039
A5: 49-72 Months | B5: 213 | C5: 0.0951

Sheet Customer Risk Tier Analysis
A1: Customer Risk Tier Analysis
A3: Risk Tier | B3: Total Customers | C3: Churned Customers | D3: Churn Rate %
A4: High Risk | B4: 2455 | C4: =COUNTIFS('Risk Score'!$I:$I,"High Risk",'Risk Score'!$G:$G,"Yes") -> 1316 | D4: =C4/B4 -> 0.53604888
A5: Low Risk | B5: 2180 | C5: =COUNTIFS('Risk Score'!$I:$I,"Medium Risk",'Risk Score'!$G:$G,"Yes") -> 477 | D5: =C5/B5 -> 0.21880734
A6: Medium Risk | B6: 2408 | C6: =COUNTIFS('Risk Score'!$I:$I,"Low Risk",'Risk Score'!$G:$G,"Yes") -> 76 | D6: =C6/B6 -> 0.031561462
A7: Grand Total | B7: 7043 | C7: =SUM(C4:C6) -> 1869 | D7: =C7/B7 -> 0.26536987
A10: Key Finding: High-risk customers show a churn rate of 53.60%, compared to only 3.49% for low-risk customers. This validates the predictive risk scoring model and helps identify customers likely to churn before they leave.

Sheet Risk Score
A1: customerID | B1: Contract | C1: tenure | D1: TenureGroup | E1: InternetService | F1: PaymentMethod | G1: Churn | H1: Risk Points | I1: Risk Tier
A2: 7590-VHVEG | B2: Month-to-month | C2: 1 | D2: =IF(C2<=12,"0-12 Months",IF(C2<=24,"13-24 Months",IF(C2<=48,"25-48 Months","49-72 Months"))) -> 0-12 Months | E2: DSL | F2: Electronic check | G2: No | H2: =IF(B2="Month-to-month",2,0)+IF(E2="Fiber optic",2,0)+IF(F2="Electronic check",1,0)+IF(D2="0-12 Months",1,0) -> 4 | I2: =IF(H2>=4,"High Risk",IF(H2>=2,"Medium Risk","Low Risk")) -> High Risk
A3: 5575-GNVDE | B3: One year | C3: 34 | D3: =IF(C3<=12,"0-12 Months",IF(C3<=24,"13-24 Months",IF(C3<=48,"25-48 Months","49-72 Months"))) -> 25-48 Months | E3: DSL | F3: Mailed check | G3: No | H3: =IF(B3="Month-to-month",2,0)+IF(E3="Fiber optic",2,0)+IF(F3="Electronic check",1,0)+IF(D3="0-12 Months",1,0) -> 0 | I3: =IF(H3>=4,"High Risk",IF(H3>=2,"Medium Risk","Low Risk")) -> Low Risk
A4: 3668-QPYBK | B4: Month-to-month | C4: 2 | D4: =IF(C4<=12,"0-12 Months",IF(C4<=24,"13-24 Months",IF(C4<=48,"25-48 Months","49-72 Months"))) -> 0-12 Months | E4: DSL | F4: Mailed check | G4: Yes | H4: =IF(B4="Month-to-month",2,0)+IF(E4="Fiber optic",2,0)+IF(F4="Electronic check",1,0)+IF(D4="0-12 Months",1,0) -> 3 | I4: =IF(H4>=4,"High Risk",IF(H4>=2,"Medium Risk","Low Risk")) -> Medium Risk
A5: 7795-CFOCW | B5: One year | C5: 45 | D5: =IF(C5<=12,"0-12 Months",IF(C5<=24,"13-24 Months",IF(C5<=48,"25-48 Months","49-72 Months"))) -> 25-48 Months | E5: DSL | F5: Bank transfer (automatic) | G5: No | H5: =IF(B5="Month-to-month",2,0)+IF(E5="Fiber optic",2,0)+IF(F5="Electronic check",1,0)+IF(D5="0-12 Months",1,0) -> 0 | I5: =IF(H5>=4,"High Risk",IF(H5>=2,"Medium Risk","Low Risk")) -> Low Risk
A6: 9237-HQITU | B6: Month-to-month | C6: 2 | D6: =IF(C6<=12,"0-12 Months",IF(C6<=24,"13-24 Months",IF(C6<=48,"25-48 Months","49-72 Months"))) -> 0-12 Months | E6: Fiber optic | F6: Electronic check | G6: Yes | H6: =IF(B6="Month-to-month",2,0)+IF(E6="Fiber optic",2,0)+IF(F6="Electronic check",1,0)+IF(D6="0-12 Months",1,0) -> 6 | I6: =IF(H6>=4,"High Risk",IF(H6>=2,"Medium Risk","Low Risk")) -> High Risk
A7: 9305-CDSKC | B7: Month-to-month | C7: 8 | D7: =IF(C7<=12,"0-12 Months",IF(C7<=24,"13-24 Months",IF(C7<=48,"25-48 Months","49-72 Months"))) -> 0-12 Months | E7: Fiber optic | F7: Electronic check | G7: Yes | H7: =IF(B7="Month-to-month",2,0)+IF(E7="Fiber optic",2,0)+IF(F7="Electronic check",1,0)+IF(D7="0-12 Months",1,0) -> 6 | I7: =IF(H7>=4,"High Risk",IF(H7>=2,"Medium Risk","Low Risk")) -> High Risk
A8: 1452-KIOVK | B8: Month-to-month | C8: 22 | D8: =IF(C8<=12,"0-12 Months",IF(C8<=24,"13-24 Months",IF(C8<=48,"25-48 Months","49-72 Months"))) -> 13-24 Months | E8: Fiber optic | F8: Credit card (automatic) | G8: No | H8: =IF(B8="Month-to-month",2,0)+IF(E8="Fiber optic",2,0)+IF(F8="Electronic check",1,0)+IF(D8="0-12 Months",1,0) -> 4 | I8: =IF(H8>=4,"High Risk",IF(H8>=2,"Medium Risk","Low Risk")) -> High Risk
A9: 6713-OKOMC | B9: Month-to-month | C9: 10 | D9: =IF(C9<=12,"0-12 Months",IF(C9<=24,"13-24 Months",IF(C9<=48,"25-48 Months","49-72 Months"))) -> 0-12 Months | E9: DSL | F9: Mailed check | G9: No | H9: =IF(B9="Month-to-month",2,0)+IF(E9="Fiber optic",2,0)+IF(F9="Electronic check",1,0)+IF(D9="0-12 Months",1,0) -> 3 | I9: =IF(H9>=4,"High Risk",IF(H9>=2,"Medium Risk","Low Risk")) -> Medium Risk
A10: 7892-POOKP | B10: Month-to-month | C10: 28 | D10: =IF(C10<=12,"0-12 Months",IF(C10<=24,"13-24 Months",IF(C10<=48,"25-48 Months","49-72 Months"))) -> 25-48 Months | E10: Fiber optic | F10: Electronic check | G10: Yes | H10: =IF(B10="Month-to-month",2,0)+IF(E10="Fiber optic",2,0)+IF(F10="Electronic check",1,0)+IF(D10="0-12 Months",1,0) -> 5 | I10: =IF(H10>=4,"High Risk",IF(H10>=2,"Medium Risk","Low Risk")) -> High Risk
A11: 6388-TABGU | B11: One year | C11: 62 | D11: =IF(C11<=12,"0-12 Months",IF(C11<=24,"13-24 Months",IF(C11<=48,"25-48 Months","49-72 Months"))) -> 49-72 Months | E11: DSL | F11: Bank transfer (automatic) | G11: No | H11: =IF(B11="Month-to-month",2,0)+IF(E11="Fiber optic",2,0)+IF(F11="Electronic check",1,0)+IF(D11="0-12 Months",1,0) -> 0 | I11: =IF(H11>=4,"High Risk",IF(H11>=2,"Medium Risk","Low Risk")) -> Low Risk
A12: 9763-GRSKD | B12: Month-to-month | C12: 13 | D12: =IF(C12<=12,"0-12 Months",IF(C12<=24,"13-24 Months",IF(C12<=48,"25-48 Months","49-72 Months"))) -> 13-24 Months | E12: DSL | F12: Mailed check | G12: No | H12: =IF(B12="Month-to-month",2,0)+IF(E12="Fiber optic",2,0)+IF(F12="Electronic check",1,0)+IF(D12="0-12 Months",1,0) -> 2 | I12: =IF(H12>=4,"High Risk",IF(H12>=2,"Medium Risk","Low Risk")) -> Medium Risk
A13: 7469-LKBCI | B13: Two year | C13: 16 | D13: =IF(C13<=12,"0-12 Months",IF(C13<=24,"13-24 Months",IF(C13<=48,"25-48 Months","49-72 Months"))) -> 13-24 Months | E13: No | F13: Credit card (automatic) | G13: No | H13: =IF(B13="Month-to-month",2,0)+IF(E13="Fiber optic",2,0)+IF(F13="Electronic check",1,0)+IF(D13="0-12 Months",1,0) -> 0 | I13: =IF(H13>=4,"High Risk",IF(H13>=2,"Medium Risk","Low Risk")) -> Low Risk
... A7044: 3186-AJIEK | B7044: Two year | C7044: 66 | D7044: =IF(C7044<=12,"0-12 Months",IF(C7044<=24,"13-24 Months",IF(C7044<=48,"25-48 Months","49-72 Months"))) -> 49-72 Months | E7044: Fiber optic | F7044: Bank transfer (automatic) | G7044: No | H7044: =IF(B7044="Month-to-month",2,0)+IF(E7044="Fiber optic",2,0)+IF(F7044="Electronic check",1,0)+IF(D7044="0-12 Months",1,0) -> 2 | I7044: =IF(H7044>=4,"High Risk",IF(H7044>=2,"Medium Risk","Low Risk")) -> Medium Risk

Sheet Churn_Overview
A3: Row Labels | B3: Count of customerID
A4: No | B4: 5174
A5: Yes | B5: 1869
A6: Grand Total | B6: 7043

Sheet Contract_vs_Churn
A3: Count of customerID | B3: Column Labels
A4: Row Labels | B4: No | C4: Yes | D4: Grand Total
A5: Month-to-month | B5: 2220 | C5: 1655 | D5: 3875
A6: One year | B6: 1307 | C6: 166 | D6: 1473
A7: Two year | B7: 1647 | C7: 48 | D7: 1695
A8: Grand Total | B8: 5174 | C8: 1869 | D8: 7043

Sheet Payment_vs_Churn
A3: Count of customerID | B3: Column Labels
A4: Row Labels | B4: No | C4: Yes | D4: Grand Total
A5: Bank transfer (automatic) | B5: 1286 | C5: 258 | D5: 1544
A6: Credit card (automatic) | B6: 1290 | C6: 232 | D6: 1522
A7: Electronic check | B7: 1294 | C7: 1071 | D7: 2365
A8: Mailed check | B8: 1304 | C8: 308 | D8: 1612
A9: Grand Total | B9: 5174 | C9: 1869 | D9: 7043

Sheet Internet_vs_Churn
A3: Count of customerID | B3: Column Labels
A4: Row Labels | B4: No | C4: Yes | D4: Grand Total
A5: DSL | B5: 1962 | C5: 459 | D5: 2421
A6: Fiber optic | B6: 1799 | C6: 1297 | D6: 3096
A7: No | B7: 1413 | C7: 113 | D7: 1526
A8: Grand Total | B8: 5174 | C8: 1869 | D8: 7043

Sheet Contract_Internet_vs_Churn
A3: Count of customerID | B3: Column Labels
A4: Row Labels | B4: No | C4: Yes | D4: Grand Total
A5: Month-to-month | B5: 2220 | C5: 1655 | D5: 3875
A6: DSL | B6: 829 | C6: 394 | D6: 1223
A7: Fiber optic | B7: 966 | C7: 1162 | D7: 2128
A8: No | B8: 425 | C8: 99 | D8: 524
A9: One year | B9: 1307 | C9: 166 | D9: 1473
A10: DSL | B10: 517 | C10: 53 | D10: 570
A11: Fiber optic | B11: 435 | C11: 104 | D11: 539
A12: No | B12: 355 | C12: 9 | D12: 364
A13: Two year | B13: 1647 | C13: 48 | D13: 1695
A14: DSL | B14: 616 | C14: 12 | D14: 628
A15: Fiber optic | B15: 398 | C15: 31 | D15: 429
A16: No | B16: 633 | C16: 5 | D16: 638
A17: Grand Total | B17: 5174 | C17: 1869 | D17: 7043

Sheet Tenure_vs_Churn
A3: Count of customerID | B3: Column Labels
A4: Row Labels | B4: No | C4: Yes | D4: Grand Total
A5: 0 | B5: 11 | D5: 11
A6: 1 | B6: 233 | C6: 380 | D6: 613
A7: 2 | B7: 115 | C7: 123 | D7: 238
A8: 3 | B8: 106 | C8: 94 | D8: 200
A9: 4 | B9: 93 | C9: 83 | D9: 176
A10: 5 | B10: 69 | C10: 64 | D10: 133
A11: 6 | B11: 70 | C11: 40 | D11: 110
A12: 7 | B12: 80 | C12: 51 | D12: 131
A13: 8 | B13: 81 | C13: 42 | D13: 123
A14: 9 | B14: 73 | C14: 46 | D14: 119
A15: 10 | B15: 71 | C15: 45 | D15: 116
A16: 11 | B16: 68 | C16: 31 | D16: 99
A17: 12 | B17: 79 | C17: 38 | D17: 117
... A77: 72 | B77: 356 | C77: 6 | D77: 362
A78: Grand Total | B78: 5174 | C78: 1869 | D78: 7043

Sheet TenureGroup_vs_Churn
A3: Count of customerID | B3: Column Labels
A4: Row Labels | B4: No | C4: Yes | D4: Grand Total
A5: 0-12 Months | B5: 1149 | C5: 1037 | D5: 2186
A6: 13-24 Months | B6: 730 | C6: 294 | D6: 1024
A7: 25-48 Months | B7: 1269 | C7: 325 | D7: 1594
A8: 49-72 Months | B8: 2026 | C8: 213 | D8: 2239
A9: Grand Total | B9: 5174 | C9: 1869 | D9: 7043

Sheet Monthly Charge 
A3: Count of customerID | B3: Column Labels
A4: Row Labels | B4: No | C4: Yes | D4: Grand Total
A5: 18.25 | B5: 1 | D5: 1
A6: 18.4 | B6: 1 | D6: 1
A7: 18.55 | B7: 1 | D7: 1
A8: 18.7 | B8: 2 | D8: 2
A9: 18.75 | B9: 1 | D9: 1
A10: 18.8 | B10: 7 | D10: 7
A11: 18.85 | B11: 4 | C11: 1 | D11: 5
A12: 18.9 | B12: 2 | D12: 2
A13: 18.95 | B13: 5 | C13: 1 | D13: 6
A14: 19 | B14: 6 | C14: 1 | D14: 7
A15: 19.05 | B15: 9 | D15: 9
A16: 19.1 | B16: 11 | C16: 1 | D16: 12
A17: 19.15 | B17: 11 | D17: 11
A18: 19.2 | B18: 17 | D18: 17
A19: 19.25 | B19: 15 | C19: 3 | D19: 18
A20: 19.3 | B20: 21 | C20: 3 | D20: 24
A21: 19.35 | B21: 23 | C21: 2 | D21: 25
A22: 19.4 | B22: 27 | C22: 4 | D22: 31
A23: 19.45 | B23: 25 | C23: 3 | D23: 28
A24: 19.5 | B24: 29 | C24: 3 | D24: 32
A25: 19.55 | B25: 38 | C25: 2 | D25: 40
A26: 19.6 | B26: 33 | C26: 4 | D26: 37
A27: 19.65 | B27: 39 | C27: 4 | D27: 43
A28: 19.7 | B28: 41 | C28: 2 | D28: 43
A29: 19.75 | B29: 33 | C29: 6 | D29: 39
A30: 19.8 | B30: 35 | C30: 3 | D30: 38
... A42: 20.4 | B42: 28 | C42: 2 | D42: 30
A43: 20.45 | B43: 31 | D43: 31
A44: 20.5 | B44: 25 | C44: 3 | D44: 28
A45: 20.55 | B45: 24 | C45: 3 | D45: 27
A46: 20.6 | B46: 14 | C46: 1 | D46: 15
A47: 20.65 | B47: 22 | C47: 1 | D47: 23
A48: 20.7 | B48: 13 | D48: 13
A49: 20.75 | B49: 17 | D49: 17
A50: 20.8 | B50: 7 | C50: 1 | D50: 8
A51: 20.85 | B51: 14 | C51: 1 | D51: 15
A52: 20.9 | B52: 8 | C52: 2 | D52: 10
A53: 20.95 | B53: 6 | C53: 2 | D53: 8
A54: 21 | B54: 4 | C54: 1 | D54: 5
A55: 21.05 | B55: 5 | C55: 1 | D55: 6
A56: 21.1 | B56: 5 | D56: 5
A57: 21.15 | B57: 2 | D57: 2
A58: 21.2 | B58: 3 | D58: 3
A59: 21.25 | B59: 2 | D59: 2
A60: 21.3 | B60: 1 | D60: 1
A61: 21.45 | B61: 1 | D61: 1
A62: 22.95 | B62: 1 | D62: 1
A63: 23.05 | B63: 1 | D63: 1
A64: 23.15 | C64: 1 | D64: 1
A65: 23.3 | B65: 2 | D65: 2
A66: 23.4 | B66: 1 | D66: 1
A67: 23.45 | C67: 1 | D67: 1
A68: 23.5 | B68: 1 | D68: 1
A69: 23.55 | B69: 2 | D69: 2
A70: 23.6 | B70: 1 | D70: 1
A71: 23.65 | B71: 1 | D71: 1
A72: 23.75 | B72: 3 | D72: 3
A73: 23.8 | B73: 1 | D73: 1
A74: 23.85 | B74: 2 | D74: 2
A75: 23.9 | B75: 3 | C75: 1 | D75: 4
A76: 23.95 | B76: 4 | D76: 4
A77: 24 | B77: 5 | D77: 5
A78: 24.05 | B78: 5 | C78: 1 | D78: 6
A79: 24.1 | B79: 6 | C79: 2 | D79: 8
A80: 24.15 | B80: 6 | D80: 6
A81: 24.2 | B81: 5 | D81: 5
A82: 24.25 | B82: 8 | C82: 2 | D82: 10
A83: 24.3 | B83: 7 | D83: 7
A84: 24.35 | B84: 5 | C84: 1 | D84: 6
A85: 24.4 | B85: 10 | C85: 1 | D85: 11
A86: 24.45 | B86: 11 | C86: 4 | D86: 15
A87: 24.5 | B87: 6 | C87: 1 | D87: 7
A88: 24.55 | B88: 6 | D88: 6
A89: 24.6 | B89: 8 | C89: 1 | D89: 9
A90: 24.65 | B90: 8 | D90: 8
A91: 24.7 | B91: 12 | D91: 12
A92: 24.75 | B92: 7 | C92: 3 | D92: 10
A93: 24.8 | B93: 12 | C93: 3 | D93: 15
A94: 24.85 | B94: 10 | D94: 10
A95: 24.9 | B95: 10 | C95: 1 | D95: 11
A96: 24.95 | B96: 11 | C96: 1 | D96: 12
A97: 25 | B97: 17 | D97: 17
A98: 25.05 | B98: 11 | C98: 3 | D98: 14
A99: 25.1 | B99: 16 | C99: 3 | D99: 19
A100: 25.15 | B100: 12 | C100: 2 | D100: 14
A101: 25.2 | B101: 7 | C101: 3 | D101: 10
A102: 25.25 | B102: 18 | C102: 2 | D102: 20
A103: 25.3 | B103: 7 | C103: 3 | D103: 10
A104: 25.35 | B104: 6 | D104: 6
A105: 25.4 | B105: 11 | C105: 1 | D105: 12
A106: 25.45 | B106: 10 | D106: 10
A107: 25.5 | B107: 4 | C107: 1 | D107: 5
A108: 25.55 | B108: 8 | D108: 8
A109: 25.6 | B109: 10 | D109: 10
A110: 25.65 | B110: 4 | D110: 4
A111: 25.7 | B111: 9 | C111: 1 | D111: 10
A112: 25.75 | B112: 8 | D112: 8
A113: 25.8 | B113: 2 | C113: 1 | D113: 3
...

Sheet Monthly Charge Group
A3: Count of customerID | B3: Column Labels
A4: Row Labels | B4: No | C4: Yes | D4: Grand Total
A5: 0-30 | B5: 1491 | C5: 162 | D5: 1653
A6: 31-60 | B6: 937 | C6: 328 | D6: 1265
A7: 61-90 | B7: 1577 | C7: 809 | D7: 2386
A8: 91+ | B8: 1169 | C8: 570 | D8: 1739
A9: Grand Total | B9: 5174 | C9: 1869 | D9: 7043

Sheet SeniorCitizen_vs_Churn
A3: Count of customerID | B3: Column Labels
A4: Row Labels | B4: No | C4: Yes | D4: Grand Total
A5: 0 | B5: 4508 | C5: 1393 | D5: 5901
A6: 1 | B6: 666 | C6: 476 | D6: 1142
A7: Grand Total | B7: 5174 | C7: 1869 | D7: 7043

Sheet TechSupport_vs_Churn
A3: Count of customerID | B3: Column Labels
A4: Row Labels | B4: No | C4: Yes | D4: Grand Total
A5: No | B5: 2027 | C5: 1446 | D5: 3473
A6: No internet service | B6: 1413 | C6: 113 | D6: 1526
A7: Yes | B7: 1734 | C7: 310 | D7: 2044
A8: Grand Total | B8: 5174 | C8: 1869 | D8: 7043

Sheet Partner_vs_Churn
A3: Count of customerID | B3: Column Labels
A4: Row Labels | B4: No | C4: Yes | D4: Grand Total
A5: No | B5: 2441 | C5: 1200 | D5: 3641
A6: Yes | B6: 2733 | C6: 669 | D6: 3402
A7: Grand Total | B7: 5174 | C7: 1869 | D7: 7043

Sheet Dependents_vs_Churn
A3: Count of customerID | B3: Column Labels
A4: Row Labels | B4: No | C4: Yes | D4: Grand Total
A5: No | B5: 3390 | C5: 1543 | D5: 4933
A6: Yes | B6: 1784 | C6: 326 | D6: 2110
A7: Grand Total | B7: 5174 | C7: 1869 | D7: 7043

Sheet Gender_vs_Churn
A3: Count of customerID | B3: Column Labels
A4: Row Labels | B4: No | C4: Yes | D4: Grand Total
A5: Female | B5: 2549 | C5: 939 | D5: 3488
A6: Male | B6: 2625 | C6: 930 | D6: 3555
A7: Grand Total | B7: 5174 | C7: 1869 | D7: 7043

Sheet OnlineSecurity_vs_Churn
A3: Count of customerID | B3: Column Labels
A4: Row Labels | B4: No | C4: Yes | D4: Grand Total
A5: No | B5: 2037 | C5: 1461 | D5: 3498
A6: No internet service | B6: 1413 | C6: 113 | D6: 1526
A7: Yes | B7: 1724 | C7: 295 | D7: 2019
A8: Grand Total | B8: 5174 | C8: 1869 | D8: 7043

Sheet PaperlessBilling_vs_Churn
A3: Count of customerID | B3: Column Labels
A4: Row Labels | B4: No | C4: Yes | D4: Grand Total
A5: No | B5: 2403 | C5: 469 | D5: 2872
A6: Yes | B6: 2771 | C6: 1400 | D6: 4171
A7: Grand Total | B7: 5174 | C7: 1869 | D7: 7043
